2026-05-07 01:08:53,545 [INFO] MANIFeST OU – Produktivstart
2026-05-07 01:08:53,849 [INFO] Starte Waitress auf 0.0.0.0:5000
2026-05-07 01:08:53,853 [INFO] Serving on http://0.0.0.0:5000
2026-05-07 01:08:55,390 [INFO] Browser geöffnet: http://localhost:5000/pwa
2026-05-07 01:10:05,556 [INFO] Admin-Login erfolgreich: Voll-Admin
2026-05-07 01:12:46,739 [INFO] Admin-Login erfolgreich: Datenbank-Admin
2026-05-07 01:14:27,190 [INFO] Admin-Login erfolgreich: Voll-Admin
2026-05-07 01:19:07,184 [INFO] Watchdog beendet Waitress: manual shutdown via pwa UI
2026-05-07 01:19:19,666 [INFO] MANIFeST OU – Produktivstart
2026-05-07 01:19:19,974 [INFO] Starte Waitress auf 0.0.0.0:5000
2026-05-07 01:19:19,980 [INFO] Serving on http://0.0.0.0:5000
2026-05-07 01:19:21,504 [INFO] Browser geöffnet: http://localhost:5000/pwa
2026-05-07 01:19:35,898 [INFO] Admin-Login erfolgreich: Voll-Admin
2026-05-07 01:20:33,014 [INFO] Watchdog beendet Waitress: manual shutdown via pwa UI
2026-05-07 01:25:18,240 [INFO] MANIFeST OU – Produktivstart
2026-05-07 01:25:18,267 [INFO] Server läuft bereits – öffne Browser
2026-05-07 01:25:18,284 [INFO] Browser geöffnet: http://localhost:5000/pwa
2026-05-08 00:40:23,803 [INFO] MANIFeST OU – Produktivstart
2026-05-08 00:40:24,126 [INFO] Starte Waitress auf 0.0.0.0:5000
2026-05-08 00:40:24,131 [INFO] Serving on http://0.0.0.0:5000
2026-05-08 00:40:25,657 [INFO] Browser geöffnet: http://localhost:5000/pwa
2026-05-08 00:40:40,677 [INFO] Admin-Login erfolgreich: Voll-Admin
2026-05-08 00:40:45,844 [INFO] Verbundenes WLAN 'Calbe WLAN-Netzwerk' ist gesichert, aber Passwort nicht verfügbar. QR wird ohne Passwort erstellt. Starten Sie die Anwendung als Administrator für den vollständigen WLAN-QR-Code.
2026-05-08 00:50:16,451 [INFO] Watchdog beendet Waitress: manual shutdown via pwa UI
2026-05-10 09:38:27,570 [INFO] MANIFeST OU – Produktivstart
2026-05-10 09:38:27,876 [INFO] Starte Waitress auf 0.0.0.0:5000
2026-05-10 09:38:27,878 [INFO] Serving on http://0.0.0.0:5000
2026-05-10 09:38:29,392 [INFO] Browser geöffnet: http://localhost:5000/pwa
2026-05-10 09:38:38,126 [WARNING] Task queue depth is 1
2026-05-10 09:39:25,460 [WARNING] Task queue depth is 1
2026-05-10 09:39:25,460 [WARNING] Task queue depth is 2
2026-05-10 09:39:25,465 [WARNING] Task queue depth is 1
2026-05-10 09:39:25,574 [WARNING] Task queue depth is 1
2026-05-10 09:42:49,693 [WARNING] Task queue depth is 1
2026-05-10 09:42:49,699 [WARNING] Task queue depth is 1
2026-05-10 09:42:49,699 [WARNING] Task queue depth is 2
2026-05-10 09:52:22,716 [WARNING] Task queue depth is 1
2026-05-10 09:52:22,719 [WARNING] Task queue depth is 1
2026-05-10 09:52:22,722 [WARNING] Task queue depth is 1
2026-05-10 09:54:12,975 [WARNING] Task queue depth is 1
2026-05-10 09:58:45,431 [WARNING] Task queue depth is 1
2026-05-10 10:04:41,749 [WARNING] Task queue depth is 1
2026-05-10 10:07:50,689 [WARNING] Task queue depth is 1
2026-05-10 10:11:45,534 [WARNING] Task queue depth is 1
2026-05-10 10:13:07,957 [WARNING] Task queue depth is 1
2026-05-10 10:13:08,176 [WARNING] Task queue depth is 1
2026-05-10 10:13:08,331 [WARNING] Task queue depth is 1
2026-05-10 10:13:34,119 [WARNING] Task queue depth is 1
2026-05-10 10:13:34,121 [WARNING] Task queue depth is 2
2026-05-10 10:13:34,124 [WARNING] Task queue depth is 2
2026-05-10 10:13:46,267 [WARNING] Task queue depth is 1
2026-05-10 10:13:46,272 [WARNING] Task queue depth is 1
2026-05-10 10:13:46,581 [WARNING] Task queue depth is 1
2026-05-10 10:14:40,398 [WARNING] Task queue depth is 1
2026-05-10 10:14:40,447 [WARNING] Task queue depth is 1
2026-05-10 10:14:40,452 [WARNING] Task queue depth is 1
2026-05-10 10:14:40,534 [WARNING] Task queue depth is 1
2026-05-10 10:43:12,417 [WARNING] Task queue depth is 1
2026-05-10 10:43:12,561 [WARNING] Task queue depth is 1
2026-05-10 10:43:12,574 [WARNING] Task queue depth is 1
2026-05-10 10:43:12,585 [WARNING] Task queue depth is 1
2026-05-10 10:43:12,585 [WARNING] Task queue depth is 2
2026-05-10 10:43:12,588 [WARNING] Task queue depth is 2
2026-05-10 10:56:56,935 [WARNING] Task queue depth is 1
2026-05-10 10:56:56,938 [WARNING] Task queue depth is 1
2026-05-10 10:56:56,945 [WARNING] Task queue depth is 1
2026-05-10 10:57:00,831 [WARNING] Task queue depth is 1
2026-05-10 10:57:00,834 [WARNING] Task queue depth is 1
2026-05-10 10:57:00,964 [WARNING] Task queue depth is 1
2026-05-10 12:23:22,935 [INFO] Watchdog beendet Waitress: watchdog inactivity timeout (3379s)
2026-05-11 14:47:03,037 [INFO] MANIFeST OU – Produktivstart
2026-05-11 14:47:03,054 [INFO] Server läuft bereits – öffne Browser
2026-05-11 14:47:03,080 [INFO] Browser geöffnet: http://localhost:5000/pwa
2026-05-11 15:06:12,549 [INFO] MANIFeST OU – Produktivstart
2026-05-11 15:06:12,856 [INFO] Starte Waitress auf 0.0.0.0:5000
2026-05-11 15:06:12,862 [INFO] Serving on http://0.0.0.0:5000
2026-05-11 15:06:14,397 [INFO] Browser geöffnet: http://localhost:5000/pwa
2026-05-11 15:07:32,902 [INFO] Watchdog beendet Waitress: manual shutdown via pwa UI
2026-05-11 15:08:03,683 [INFO] MANIFeST OU – Produktivstart
2026-05-11 15:08:03,990 [INFO] Starte Waitress auf 0.0.0.0:5000
2026-05-11 15:08:03,994 [INFO] Serving on http://0.0.0.0:5000
2026-05-11 15:08:05,529 [INFO] Browser geöffnet: http://localhost:5000/pwa
2026-05-11 23:07:05,739 [INFO] Admin-Login erfolgreich: Voll-Admin
2026-05-11 23:07:42,987 [WARNING] Task queue depth is 1
2026-05-11 23:08:06,868 [WARNING] Task queue depth is 1
2026-05-11 23:08:34,227 [INFO] Watchdog beendet Waitress: manual shutdown via pwa UI
2026-05-12 08:47:29,911 [INFO] MANIFeST OU – Produktivstart
2026-05-12 08:47:30,225 [INFO] Starte Waitress auf 0.0.0.0:5000
2026-05-12 08:47:30,229 [INFO] Serving on http://0.0.0.0:5000
2026-05-12 08:47:31,757 [INFO] Browser geöffnet: http://localhost:5000/pwa
2026-05-12 08:47:52,113 [WARNING] Task queue depth is 1
2026-05-12 08:49:07,547 [WARNING] Task queue depth is 1
2026-05-12 08:49:07,548 [WARNING] Task queue depth is 2
2026-05-12 08:50:20,286 [WARNING] Task queue depth is 1
2026-05-12 08:50:32,329 [WARNING] Task queue depth is 1
2026-05-12 08:51:47,119 [INFO] Verbundenes WLAN 'FRITZ!Box 6860 EJ' ist gesichert, aber Passwort nicht verfügbar. QR wird ohne Passwort erstellt. Starten Sie die Anwendung als Administrator für den vollständigen WLAN-QR-Code.
2026-05-12 08:51:47,119 [INFO] WLAN 'FRITZ!Box 6860 EJ' ist gesichert, aber Passwort nicht verfügbar. QR-Ausgabe unterdrückt – Admin-Berechtigung oder manuelle Eingabe erforderlich.
2026-05-12 08:51:51,453 [INFO] WLAN 'FRITZ!Box 6860 EJ' ist gesichert, aber Passwort nicht verfügbar. QR-Ausgabe unterdrückt – Admin-Berechtigung oder manuelle Eingabe erforderlich.
2026-05-12 08:51:53,599 [INFO] 08:51:53 GET /pwa/connectivity -> 200 (2137.6 ms)
2026-05-12 08:51:53,600 [INFO] 08:51:53 GET /pwa/connectivity -> 200 (7574.3 ms)
2026-05-12 08:52:09,673 [INFO] Admin-Login erfolgreich: Voll-Admin
2026-05-12 08:52:09,706 [INFO] 08:52:09 GET /loads/qr.png -> 400 (0.5 ms)
2026-05-12 08:52:28,701 [INFO] Admin-Login erfolgreich: Voll-Admin
2026-05-12 08:52:28,717 [INFO] 08:52:28 GET /loads/qr.png -> 400 (0.4 ms)
2026-05-12 08:52:38,712 [INFO] Verbundenes WLAN 'FRITZ!Box 6860 EJ' ist gesichert, aber Passwort nicht verfügbar. QR wird ohne Passwort erstellt. Starten Sie die Anwendung als Administrator für den vollständigen WLAN-QR-Code.
2026-05-12 08:52:38,712 [INFO] WLAN 'FRITZ!Box 6860 EJ' ist gesichert, aber Passwort nicht verfügbar. QR-Ausgabe unterdrückt – Admin-Berechtigung oder manuelle Eingabe erforderlich.
2026-05-12 08:52:51,805 [INFO] Manueller WLAN-QR (offen) erstellt für SSID: FRITZ!Box 6860 EJ
2026-05-12 08:54:15,253 [INFO] 08:54:15 GET /favicon.ico -> 404 (0.3 ms)
2026-05-12 08:55:37,590 [WARNING] Task queue depth is 1
2026-05-12 08:55:43,147 [WARNING] Task queue depth is 1
2026-05-12 08:55:43,148 [WARNING] Task queue depth is 1
2026-05-12 08:55:43,152 [WARNING] Task queue depth is 1
2026-05-12 08:55:43,275 [WARNING] Task queue depth is 1
2026-05-12 09:41:53,141 [WARNING] Task queue depth is 1
2026-05-12 09:42:50,350 [WARNING] Task queue depth is 1
2026-05-12 09:42:50,351 [WARNING] Task queue depth is 1
2026-05-12 09:43:21,099 [WARNING] Task queue depth is 1
2026-05-12 09:43:21,229 [WARNING] Task queue depth is 1
2026-05-12 10:24:02,359 [WARNING] Task queue depth is 1
2026-05-12 10:24:25,670 [WARNING] Task queue depth is 1
2026-05-12 10:25:11,422 [WARNING] Task queue depth is 1
2026-05-12 10:25:11,426 [WARNING] Task queue depth is 1
2026-05-12 10:25:11,558 [WARNING] Task queue depth is 1
2026-05-12 10:25:11,560 [WARNING] Task queue depth is 1
2026-05-12 10:25:11,565 [WARNING] Task queue depth is 1
2026-05-12 10:25:11,592 [WARNING] Task queue depth is 1
2026-05-12 10:25:20,834 [WARNING] Task queue depth is 1
2026-05-12 10:25:20,841 [WARNING] Task queue depth is 1
2026-05-12 12:03:12,350 [WARNING] Task queue depth is 1
2026-05-12 12:04:07,641 [WARNING] Task queue depth is 1
2026-05-12 12:04:59,538 [WARNING] Task queue depth is 1
2026-05-12 12:04:59,657 [WARNING] Task queue depth is 1
2026-05-12 12:07:21,528 [WARNING] Task queue depth is 1
2026-05-12 12:07:24,401 [WARNING] Task queue depth is 1
2026-05-12 12:07:24,445 [WARNING] Task queue depth is 1
2026-05-12 12:07:31,251 [WARNING] Task queue depth is 1
2026-05-12 12:09:02,536 [WARNING] Task queue depth is 1
2026-05-12 12:09:12,660 [WARNING] Task queue depth is 1
2026-05-12 12:09:12,805 [WARNING] Task queue depth is 1
2026-05-12 12:09:18,034 [WARNING] Task queue depth is 1
2026-05-12 12:09:18,039 [WARNING] Task queue depth is 1
2026-05-12 12:09:18,044 [WARNING] Task queue depth is 1
2026-05-12 12:09:20,066 [WARNING] Task queue depth is 1
2026-05-12 12:09:20,095 [WARNING] Task queue depth is 1
2026-05-12 12:09:25,817 [WARNING] Task queue depth is 1
2026-05-12 13:50:26,163 [WARNING] Task queue depth is 1
2026-05-12 13:50:52,018 [WARNING] Task queue depth is 1
2026-05-12 13:56:20,806 [INFO] Watchdog beendet Waitress: manual shutdown via pwa UI
2026-05-13 18:05:48,776 [INFO] MANIFeST OU – Produktivstart
2026-05-13 18:05:49,093 [INFO] Starte Waitress auf 0.0.0.0:5000
2026-05-13 18:05:49,094 [INFO] Serving on http://0.0.0.0:5000
2026-05-13 18:05:50,606 [INFO] Browser geöffnet: http://localhost:5000/pwa
2026-05-13 18:07:01,225 [WARNING] Task queue depth is 1
2026-05-13 18:07:01,242 [WARNING] Task queue depth is 1
2026-05-13 18:07:15,088 [WARNING] Task queue depth is 1
2026-05-13 18:07:15,155 [WARNING] Task queue depth is 1
2026-05-13 18:07:16,975 [WARNING] Task queue depth is 1
2026-05-13 18:07:17,136 [WARNING] Task queue depth is 1
2026-05-13 18:07:19,862 [WARNING] Task queue depth is 1
2026-05-13 18:07:19,893 [WARNING] Task queue depth is 1
2026-05-13 18:07:21,254 [WARNING] Task queue depth is 1
2026-05-13 18:07:21,443 [WARNING] Task queue depth is 1
2026-05-13 18:07:21,517 [WARNING] Task queue depth is 1
2026-05-13 18:07:21,532 [WARNING] Task queue depth is 1
2026-05-13 18:07:21,641 [WARNING] Task queue depth is 1
2026-05-13 18:07:43,575 [WARNING] Task queue depth is 1
2026-05-13 18:08:25,662 [WARNING] Task queue depth is 1
2026-05-13 18:08:25,672 [WARNING] Task queue depth is 1
2026-05-13 18:08:46,101 [WARNING] Task queue depth is 1
2026-05-13 18:08:46,101 [WARNING] Task queue depth is 2
2026-05-13 19:37:30,605 [WARNING] Task queue depth is 1
2026-05-13 19:37:46,151 [WARNING] Task queue depth is 1
2026-05-13 19:37:46,157 [WARNING] Task queue depth is 1
2026-05-13 19:38:46,865 [WARNING] Task queue depth is 1
2026-05-13 19:40:10,019 [WARNING] Task queue depth is 1
2026-05-13 21:19:05,190 [WARNING] Task queue depth is 1
2026-05-13 21:19:06,655 [WARNING] Task queue depth is 1
2026-05-13 21:20:25,743 [INFO] Watchdog beendet Waitress: manual shutdown via pwa UI
2026-05-14 10:17:22,269 [INFO] MANIFeST OU – Produktivstart
2026-05-14 10:17:22,574 [INFO] Starte Waitress auf 0.0.0.0:5000
2026-05-14 10:17:22,576 [INFO] Serving on http://0.0.0.0:5000
2026-05-14 10:17:24,101 [INFO] Browser geöffnet: http://localhost:5000/pwa
2026-05-14 10:21:33,433 [WARNING] Unknown rendering option: optimize_size.
2026-05-14 10:21:33,500 [ERROR] Failed to load stylesheet at file:///static/vendor/bootstrap/5.3.3/css/bootstrap.min.css: URLError: <urlopen error [WinError 3] Das System kann den angegebenen Pfad nicht finden: '\\static\\vendor\\bootstrap\\5.3.3\\css\\bootstrap.min.css'>
2026-05-14 10:21:33,501 [ERROR] Failed to load stylesheet at file:///static/vendor/bootstrap-icons/1.11.3/font/bootstrap-icons.min.css: URLError: <urlopen error [WinError 3] Das System kann den angegebenen Pfad nicht finden: '\\static\\vendor\\bootstrap-icons\\1.11.3\\font\\bootstrap-icons.min.css'>
2026-05-14 10:21:33,501 [ERROR] Failed to load stylesheet at file:///static/pwa/css/styles.css: URLError: <urlopen error [WinError 3] Das System kann den angegebenen Pfad nicht finden: '\\static\\pwa\\css\\styles.css'>
2026-05-14 10:21:33,504 [WARNING] Ignored `min-height: 100vh` at 46:7, invalid value.
2026-05-14 10:21:33,510 [WARNING] Expected a media type, got '(max-width: 992px)'
2026-05-14 10:21:33,510 [WARNING] Invalid media type ' (max-width: 992px) ' the whole @media rule was ignored at 128:5.
2026-05-14 10:21:33,517 [WARNING] Ignored `user-select: none` at 22:6, unknown property.
2026-05-14 10:21:33,517 [WARNING] Expected a media type, got '(min-width: 992px)'
2026-05-14 10:21:33,518 [WARNING] Invalid media type ' (min-width: 992px) ' the whole @media rule was ignored at 40:4.
2026-05-14 10:21:33,526 [WARNING] Ignored `box-shadow: 0 2px 10px rgba(0,0,0,0.07) ` at 8:5, unknown property.
2026-05-14 10:21:34,236 [DEBUG] Reading 'maxp' table from disk
2026-05-14 10:21:34,237 [DEBUG] Decompiling 'maxp' table
2026-05-14 10:21:34,237 [DEBUG] Took 0.001s to load 'maxp'
2026-05-14 10:21:34,237 [DEBUG] Took 0.000s to prune 'maxp'
2026-05-14 10:21:34,237 [INFO] maxp pruned
2026-05-14 10:21:34,252 [INFO] LTSH dropped
2026-05-14 10:21:34,252 [INFO] VDMX dropped
2026-05-14 10:21:34,252 [INFO] hdmx dropped
2026-05-14 10:21:34,252 [DEBUG] Reading 'cmap' table from disk
2026-05-14 10:21:34,252 [DEBUG] Decompiling 'cmap' table
2026-05-14 10:21:34,252 [DEBUG] Took 0.000s to load 'cmap'
2026-05-14 10:21:34,252 [DEBUG] Took 0.000s to prune 'cmap'
2026-05-14 10:21:34,252 [INFO] cmap pruned
2026-05-14 10:21:34,253 [INFO] fpgm dropped
2026-05-14 10:21:34,253 [INFO] prep dropped
2026-05-14 10:21:34,253 [INFO] cvt  dropped
2026-05-14 10:21:34,253 [INFO] kern dropped
2026-05-14 10:21:34,253 [DEBUG] Reading 'post' table from disk
2026-05-14 10:21:34,253 [DEBUG] Decompiling 'post' table
2026-05-14 10:21:34,253 [DEBUG] Took 0.000s to load 'post'
2026-05-14 10:21:34,253 [DEBUG] Took 0.000s to prune 'post'
2026-05-14 10:21:34,253 [INFO] post pruned
2026-05-14 10:21:34,279 [INFO] GPOS dropped
2026-05-14 10:21:34,279 [INFO] GSUB dropped
2026-05-14 10:21:34,280 [DEBUG] Reading 'glyf' table from disk
2026-05-14 10:21:34,280 [DEBUG] Decompiling 'glyf' table
2026-05-14 10:21:34,280 [DEBUG] Reading 'loca' table from disk
2026-05-14 10:21:34,280 [DEBUG] Decompiling 'loca' table
2026-05-14 10:21:34,280 [DEBUG] Reading 'head' table from disk
2026-05-14 10:21:34,280 [DEBUG] Decompiling 'head' table
2026-05-14 10:21:34,284 [DEBUG] Reading 'cmap' table from disk
2026-05-14 10:21:34,284 [DEBUG] Decompiling 'cmap' table
2026-05-14 10:21:34,346 [DEBUG] Took 0.066s to load 'glyf'
2026-05-14 10:21:34,346 [DEBUG] Took 0.000s to prune 'glyf'
2026-05-14 10:21:34,346 [INFO] glyf pruned
2026-05-14 10:21:34,352 [DEBUG] Took 0.005s to close glyph list over 'cmap'
2026-05-14 10:21:34,352 [INFO] Added gid0 to subset
2026-05-14 10:21:34,352 [INFO] Closing glyph list over 'glyf': 64 glyphs before
2026-05-14 10:21:34,352 [INFO] Glyph names: ['.notdef', 'A', 'B', 'C', 'D', 'E', 'Euro', 'F', 'H', 'K', 'L', 'M', 'N', 'O', 'P', 'Q', 'R', 'S', 'T', 'U', 'Udieresis', 'V', 'Z', 'a', 'adieresis', 'b', 'c', 'colon', 'comma', 'd', 'e', 'eight', 'f', 'five', 'four', 'g', 'h', 'hyphen', 'i', 'k', 'l', 'm', 'n', 'nine', 'o', 'odieresis', 'one', 'p', 'parenleft', 'parenright', 'period', 'r', 's', 'six', 'space', 't', 'three', 'two', 'u', 'udieresis', 'v', 'w', 'z', 'zero']
2026-05-14 10:21:34,353 [INFO] Glyph IDs:   [0, 3, 11, 12, 15, 16, 17, 19, 20, 21, 22, 23, 24, 25, 27, 28, 29, 36, 37, 38, 39, 40, 41, 43, 46, 47, 48, 49, 50, 51, 52, 53, 54, 55, 56, 57, 61, 68, 69, 70, 71, 72, 73, 74, 75, 76, 78, 79, 80, 81, 82, 83, 85, 86, 87, 88, 89, 90, 93, 104, 108, 124, 129, 189]
2026-05-14 10:21:34,354 [INFO] Closed glyph list over 'glyf': 65 glyphs after
2026-05-14 10:21:34,354 [INFO] Glyph names: ['.notdef', 'A', 'B', 'C', 'D', 'E', 'Euro', 'F', 'H', 'K', 'L', 'M', 'N', 'O', 'P', 'Q', 'R', 'S', 'T', 'U', 'Udieresis', 'V', 'Z', 'a', 'adieresis', 'b', 'c', 'colon', 'comma', 'd', 'dieresis', 'e', 'eight', 'f', 'five', 'four', 'g', 'h', 'hyphen', 'i', 'k', 'l', 'm', 'n', 'nine', 'o', 'odieresis', 'one', 'p', 'parenleft', 'parenright', 'period', 'r', 's', 'six', 'space', 't', 'three', 'two', 'u', 'udieresis', 'v', 'w', 'z', 'zero']
2026-05-14 10:21:34,354 [INFO] Glyph IDs:   [0, 3, 11, 12, 15, 16, 17, 19, 20, 21, 22, 23, 24, 25, 27, 28, 29, 36, 37, 38, 39, 40, 41, 43, 46, 47, 48, 49, 50, 51, 52, 53, 54, 55, 56, 57, 61, 68, 69, 70, 71, 72, 73, 74, 75, 76, 78, 79, 80, 81, 82, 83, 85, 86, 87, 88, 89, 90, 93, 104, 108, 124, 129, 143, 189]
2026-05-14 10:21:34,354 [DEBUG] Took 0.002s to close glyph list over 'glyf'
2026-05-14 10:21:34,357 [INFO] Retaining 65 glyphs
2026-05-14 10:21:34,358 [INFO] head subsetting not needed
2026-05-14 10:21:34,358 [INFO] hhea subsetting not needed
2026-05-14 10:21:34,358 [INFO] maxp subsetting not needed
2026-05-14 10:21:34,358 [INFO] OS/2 subsetting not needed
2026-05-14 10:21:34,358 [DEBUG] Reading 'hmtx' table from disk
2026-05-14 10:21:34,358 [DEBUG] Decompiling 'hmtx' table
2026-05-14 10:21:34,359 [DEBUG] Reading 'hhea' table from disk
2026-05-14 10:21:34,359 [DEBUG] Decompiling 'hhea' table
2026-05-14 10:21:34,363 [DEBUG] Took 0.004s to subset 'hmtx'
2026-05-14 10:21:34,363 [INFO] hmtx subsetted
2026-05-14 10:21:34,364 [DEBUG] Took 0.001s to subset 'cmap'
2026-05-14 10:21:34,364 [INFO] cmap subsetted
2026-05-14 10:21:34,364 [INFO] loca subsetting not needed
2026-05-14 10:21:34,364 [DEBUG] Took 0.000s to subset 'post'
2026-05-14 10:21:34,364 [INFO] post subsetted
2026-05-14 10:21:34,365 [INFO] gasp subsetting not needed
2026-05-14 10:21:34,365 [INFO] MERG NOT subset; don't know how to subset
2026-05-14 10:21:34,365 [INFO] meta NOT subset; don't know how to subset
2026-05-14 10:21:34,365 [DEBUG] Reading 'GDEF' table from disk
2026-05-14 10:21:34,365 [DEBUG] Decompiling 'GDEF' table
2026-05-14 10:21:34,369 [DEBUG] Took 0.004s to subset 'GDEF'
2026-05-14 10:21:34,370 [INFO] GDEF subsetted
2026-05-14 10:21:34,370 [INFO] name subsetting not needed
2026-05-14 10:21:34,371 [DEBUG] Took 0.001s to subset 'glyf'
2026-05-14 10:21:34,371 [INFO] glyf subsetted
2026-05-14 10:21:34,371 [DEBUG] Took 0.000s to subset GlyphOrder
2026-05-14 10:21:34,372 [DEBUG] Took 0.000s to prune 'head'
2026-05-14 10:21:34,372 [INFO] head pruned
2026-05-14 10:21:34,372 [DEBUG] Reading 'OS/2' table from disk
2026-05-14 10:21:34,372 [DEBUG] Decompiling 'OS/2' table
2026-05-14 10:21:34,372 [INFO] OS/2 Unicode ranges pruned: [0, 1, 31, 33, 63]
2026-05-14 10:21:34,373 [INFO] OS/2 CodePage ranges pruned: [0]
2026-05-14 10:21:34,373 [DEBUG] Took 0.001s to prune 'glyf'
2026-05-14 10:21:34,374 [INFO] glyf pruned
2026-05-14 10:21:34,374 [DEBUG] Took 0.000s to prune 'GDEF'
2026-05-14 10:21:34,374 [INFO] GDEF pruned
2026-05-14 10:21:34,374 [DEBUG] Reading 'name' table from disk
2026-05-14 10:21:34,375 [DEBUG] Decompiling 'name' table
2026-05-14 10:21:34,376 [DEBUG] Reading 'gasp' table from disk
2026-05-14 10:21:34,376 [DEBUG] Decompiling 'gasp' table
2026-05-14 10:21:34,376 [DEBUG] Reading 'MERG' table from disk
2026-05-14 10:21:34,377 [DEBUG] Decompiling 'MERG' table
2026-05-14 10:21:34,377 [DEBUG] Reading 'meta' table from disk
2026-05-14 10:21:34,377 [DEBUG] Decompiling 'meta' table
2026-05-14 10:21:34,377 [DEBUG] Took 0.003s to prune 'name'
2026-05-14 10:21:34,377 [INFO] name pruned
2026-05-14 10:21:34,394 [DEBUG] Reading 'maxp' table from disk
2026-05-14 10:21:34,395 [DEBUG] Decompiling 'maxp' table
2026-05-14 10:21:34,395 [DEBUG] Took 0.000s to load 'maxp'
2026-05-14 10:21:34,395 [DEBUG] Took 0.000s to prune 'maxp'
2026-05-14 10:21:34,395 [INFO] maxp pruned
2026-05-14 10:21:34,395 [INFO] LTSH dropped
2026-05-14 10:21:34,395 [INFO] VDMX dropped
2026-05-14 10:21:34,395 [INFO] hdmx dropped
2026-05-14 10:21:34,395 [DEBUG] Reading 'cmap' table from disk
2026-05-14 10:21:34,395 [DEBUG] Decompiling 'cmap' table
2026-05-14 10:21:34,396 [DEBUG] Took 0.000s to load 'cmap'
2026-05-14 10:21:34,396 [DEBUG] Took 0.000s to prune 'cmap'
2026-05-14 10:21:34,396 [INFO] cmap pruned
2026-05-14 10:21:34,396 [INFO] fpgm dropped
2026-05-14 10:21:34,396 [INFO] prep dropped
2026-05-14 10:21:34,396 [INFO] cvt  dropped
2026-05-14 10:21:34,396 [INFO] kern dropped
2026-05-14 10:21:34,396 [DEBUG] Reading 'post' table from disk
2026-05-14 10:21:34,396 [DEBUG] Decompiling 'post' table
2026-05-14 10:21:34,396 [DEBUG] Took 0.000s to load 'post'
2026-05-14 10:21:34,396 [DEBUG] Took 0.000s to prune 'post'
2026-05-14 10:21:34,396 [INFO] post pruned
2026-05-14 10:21:34,397 [INFO] GPOS dropped
2026-05-14 10:21:34,397 [INFO] GSUB dropped
2026-05-14 10:21:34,397 [DEBUG] Reading 'glyf' table from disk
2026-05-14 10:21:34,397 [DEBUG] Decompiling 'glyf' table
2026-05-14 10:21:34,397 [DEBUG] Reading 'loca' table from disk
2026-05-14 10:21:34,398 [DEBUG] Decompiling 'loca' table
2026-05-14 10:21:34,398 [DEBUG] Reading 'head' table from disk
2026-05-14 10:21:34,398 [DEBUG] Decompiling 'head' table
2026-05-14 10:21:34,400 [DEBUG] Reading 'cmap' table from disk
2026-05-14 10:21:34,400 [DEBUG] Decompiling 'cmap' table
2026-05-14 10:21:34,426 [DEBUG] Took 0.028s to load 'glyf'
2026-05-14 10:21:34,429 [DEBUG] Took 0.000s to prune 'glyf'
2026-05-14 10:21:34,429 [INFO] glyf pruned
2026-05-14 10:21:34,435 [DEBUG] Took 0.005s to close glyph list over 'cmap'
2026-05-14 10:21:34,435 [INFO] Added gid0 to subset
2026-05-14 10:21:34,435 [INFO] Closing glyph list over 'glyf': 70 glyphs before
2026-05-14 10:21:34,437 [INFO] Glyph names: ['.notdef', 'A', 'B', 'C', 'D', 'E', 'Euro', 'F', 'G', 'I', 'K', 'L', 'M', 'N', 'O', 'R', 'S', 'T', 'Udieresis', 'V', 'Z', 'a', 'at', 'b', 'c', 'colon', 'comma', 'd', 'e', 'eight', 'endash', 'f', 'five', 'four', 'g', 'germandbls', 'h', 'hyphen', 'i', 'k', 'l', 'm', 'n', 'nine', 'numbersign', 'o', 'one', 'p', 'parenleft', 'parenright', 'percent', 'period', 'periodcentered', 'plus', 'r', 's', 'seven', 'six', 'slash', 'space', 't', 'three', 'two', 'u', 'udieresis', 'v', 'w', 'x', 'z', 'zero']
2026-05-14 10:21:34,438 [INFO] Glyph IDs:   [0, 3, 6, 8, 11, 12, 14, 15, 16, 17, 18, 19, 20, 21, 22, 23, 24, 25, 26, 27, 28, 29, 35, 36, 37, 38, 39, 40, 41, 42, 44, 46, 47, 48, 49, 50, 53, 54, 55, 57, 61, 68, 69, 70, 71, 72, 73, 74, 75, 76, 78, 79, 80, 81, 82, 83, 85, 86, 87, 88, 89, 90, 91, 93, 104, 129, 137, 178, 189, 195]
2026-05-14 10:21:34,438 [INFO] Closed glyph list over 'glyf': 72 glyphs after
2026-05-14 10:21:34,439 [INFO] Glyph names: ['.notdef', 'A', 'B', 'C', 'D', 'E', 'Euro', 'F', 'G', 'I', 'K', 'L', 'M', 'N', 'O', 'R', 'S', 'T', 'U', 'Udieresis', 'V', 'Z', 'a', 'at', 'b', 'c', 'colon', 'comma', 'd', 'dieresis', 'e', 'eight', 'endash', 'f', 'five', 'four', 'g', 'germandbls', 'h', 'hyphen', 'i', 'k', 'l', 'm', 'n', 'nine', 'numbersign', 'o', 'one', 'p', 'parenleft', 'parenright', 'percent', 'period', 'periodcentered', 'plus', 'r', 's', 'seven', 'six', 'slash', 'space', 't', 'three', 'two', 'u', 'udieresis', 'v', 'w', 'x', 'z', 'zero']
2026-05-14 10:21:34,439 [INFO] Glyph IDs:   [0, 3, 6, 8, 11, 12, 14, 15, 16, 17, 18, 19, 20, 21, 22, 23, 24, 25, 26, 27, 28, 29, 35, 36, 37, 38, 39, 40, 41, 42, 44, 46, 47, 48, 49, 50, 53, 54, 55, 56, 57, 61, 68, 69, 70, 71, 72, 73, 74, 75, 76, 78, 79, 80, 81, 82, 83, 85, 86, 87, 88, 89, 90, 91, 93, 104, 129, 137, 143, 178, 189, 195]
2026-05-14 10:21:34,440 [DEBUG] Took 0.005s to close glyph list over 'glyf'
2026-05-14 10:21:34,443 [INFO] Retaining 72 glyphs
2026-05-14 10:21:34,444 [INFO] head subsetting not needed
2026-05-14 10:21:34,444 [INFO] hhea subsetting not needed
2026-05-14 10:21:34,445 [INFO] maxp subsetting not needed
2026-05-14 10:21:34,445 [INFO] OS/2 subsetting not needed
2026-05-14 10:21:34,445 [DEBUG] Reading 'hmtx' table from disk
2026-05-14 10:21:34,445 [DEBUG] Decompiling 'hmtx' table
2026-05-14 10:21:34,445 [DEBUG] Reading 'hhea' table from disk
2026-05-14 10:21:34,445 [DEBUG] Decompiling 'hhea' table
2026-05-14 10:21:34,454 [DEBUG] Took 0.009s to subset 'hmtx'
2026-05-14 10:21:34,454 [INFO] hmtx subsetted
2026-05-14 10:21:34,458 [DEBUG] Took 0.004s to subset 'cmap'
2026-05-14 10:21:34,459 [INFO] cmap subsetted
2026-05-14 10:21:34,459 [INFO] loca subsetting not needed
2026-05-14 10:21:34,459 [DEBUG] Took 0.000s to subset 'post'
2026-05-14 10:21:34,459 [INFO] post subsetted
2026-05-14 10:21:34,459 [INFO] gasp subsetting not needed
2026-05-14 10:21:34,460 [INFO] MERG NOT subset; don't know how to subset
2026-05-14 10:21:34,460 [INFO] meta NOT subset; don't know how to subset
2026-05-14 10:21:34,460 [DEBUG] Reading 'GDEF' table from disk
2026-05-14 10:21:34,460 [DEBUG] Decompiling 'GDEF' table
2026-05-14 10:21:34,464 [DEBUG] Took 0.004s to subset 'GDEF'
2026-05-14 10:21:34,464 [INFO] GDEF subsetted
2026-05-14 10:21:34,465 [INFO] name subsetting not needed
2026-05-14 10:21:34,466 [DEBUG] Took 0.001s to subset 'glyf'
2026-05-14 10:21:34,466 [INFO] glyf subsetted
2026-05-14 10:21:34,466 [DEBUG] Took 0.000s to subset GlyphOrder
2026-05-14 10:21:34,467 [DEBUG] Took 0.000s to prune 'head'
2026-05-14 10:21:34,467 [INFO] head pruned
2026-05-14 10:21:34,467 [DEBUG] Reading 'OS/2' table from disk
2026-05-14 10:21:34,467 [DEBUG] Decompiling 'OS/2' table
2026-05-14 10:21:34,467 [INFO] OS/2 Unicode ranges pruned: [0, 1, 31, 33, 63]
2026-05-14 10:21:34,468 [INFO] OS/2 CodePage ranges pruned: [0]
2026-05-14 10:21:34,469 [DEBUG] Took 0.001s to prune 'glyf'
2026-05-14 10:21:34,469 [INFO] glyf pruned
2026-05-14 10:21:34,469 [DEBUG] Took 0.000s to prune 'GDEF'
2026-05-14 10:21:34,469 [INFO] GDEF pruned
2026-05-14 10:21:34,470 [DEBUG] Reading 'name' table from disk
2026-05-14 10:21:34,470 [DEBUG] Decompiling 'name' table
2026-05-14 10:21:34,471 [DEBUG] Reading 'gasp' table from disk
2026-05-14 10:21:34,471 [DEBUG] Decompiling 'gasp' table
2026-05-14 10:21:34,472 [DEBUG] Reading 'MERG' table from disk
2026-05-14 10:21:34,472 [DEBUG] Decompiling 'MERG' table
2026-05-14 10:21:34,472 [DEBUG] Reading 'meta' table from disk
2026-05-14 10:21:34,472 [DEBUG] Decompiling 'meta' table
2026-05-14 10:21:34,472 [DEBUG] Took 0.003s to prune 'name'
2026-05-14 10:21:34,472 [INFO] name pruned
2026-05-14 10:21:34,490 [DEBUG] Reading 'maxp' table from disk
2026-05-14 10:21:34,490 [DEBUG] Decompiling 'maxp' table
2026-05-14 10:21:34,491 [DEBUG] Took 0.000s to load 'maxp'
2026-05-14 10:21:34,491 [DEBUG] Took 0.000s to prune 'maxp'
2026-05-14 10:21:34,491 [INFO] maxp pruned
2026-05-14 10:21:34,491 [INFO] LTSH dropped
2026-05-14 10:21:34,491 [INFO] VDMX dropped
2026-05-14 10:21:34,491 [INFO] hdmx dropped
2026-05-14 10:21:34,491 [DEBUG] Reading 'cmap' table from disk
2026-05-14 10:21:34,491 [DEBUG] Decompiling 'cmap' table
2026-05-14 10:21:34,491 [DEBUG] Took 0.000s to load 'cmap'
2026-05-14 10:21:34,491 [DEBUG] Took 0.000s to prune 'cmap'
2026-05-14 10:21:34,492 [INFO] cmap pruned
2026-05-14 10:21:34,492 [INFO] fpgm dropped
2026-05-14 10:21:34,492 [INFO] prep dropped
2026-05-14 10:21:34,492 [INFO] cvt  dropped
2026-05-14 10:21:34,492 [INFO] kern dropped
2026-05-14 10:21:34,492 [DEBUG] Reading 'post' table from disk
2026-05-14 10:21:34,492 [DEBUG] Decompiling 'post' table
2026-05-14 10:21:34,492 [DEBUG] Took 0.000s to load 'post'
2026-05-14 10:21:34,492 [DEBUG] Took 0.000s to prune 'post'
2026-05-14 10:21:34,492 [INFO] post pruned
2026-05-14 10:21:34,493 [INFO] GPOS dropped
2026-05-14 10:21:34,493 [INFO] GSUB dropped
2026-05-14 10:21:34,493 [DEBUG] Reading 'glyf' table from disk
2026-05-14 10:21:34,493 [DEBUG] Decompiling 'glyf' table
2026-05-14 10:21:34,494 [DEBUG] Reading 'loca' table from disk
2026-05-14 10:21:34,494 [DEBUG] Decompiling 'loca' table
2026-05-14 10:21:34,494 [DEBUG] Reading 'head' table from disk
2026-05-14 10:21:34,494 [DEBUG] Decompiling 'head' table
2026-05-14 10:21:34,496 [DEBUG] Reading 'cmap' table from disk
2026-05-14 10:21:34,496 [DEBUG] Decompiling 'cmap' table
2026-05-14 10:21:34,516 [DEBUG] Took 0.023s to load 'glyf'
2026-05-14 10:21:34,516 [DEBUG] Took 0.000s to prune 'glyf'
2026-05-14 10:21:34,516 [INFO] glyf pruned
2026-05-14 10:21:34,522 [DEBUG] Took 0.005s to close glyph list over 'cmap'
2026-05-14 10:21:34,522 [INFO] Added gid0 to subset
2026-05-14 10:21:34,522 [INFO] Closing glyph list over 'glyf': 33 glyphs before
2026-05-14 10:21:34,523 [INFO] Glyph names: ['.notdef', 'K', 'M', 'N', 'R', 'S', 'T', 'b', 'c', 'e', 'five', 'g', 'h', 'hyphen', 'i', 'l', 'm', 'n', 'nine', 'o', 'one', 'p', 'period', 'r', 's', 'six', 'space', 't', 'three', 'two', 'u', 'v', 'zero']
2026-05-14 10:21:34,524 [INFO] Glyph IDs:   [0, 3, 16, 17, 19, 20, 21, 22, 24, 25, 28, 46, 48, 49, 53, 54, 55, 69, 70, 72, 74, 75, 76, 79, 80, 81, 82, 83, 85, 86, 87, 88, 89]
2026-05-14 10:21:34,524 [INFO] Closed glyph list over 'glyf': 33 glyphs after
2026-05-14 10:21:34,524 [INFO] Glyph names: ['.notdef', 'K', 'M', 'N', 'R', 'S', 'T', 'b', 'c', 'e', 'five', 'g', 'h', 'hyphen', 'i', 'l', 'm', 'n', 'nine', 'o', 'one', 'p', 'period', 'r', 's', 'six', 'space', 't', 'three', 'two', 'u', 'v', 'zero']
2026-05-14 10:21:34,524 [INFO] Glyph IDs:   [0, 3, 16, 17, 19, 20, 21, 22, 24, 25, 28, 46, 48, 49, 53, 54, 55, 69, 70, 72, 74, 75, 76, 79, 80, 81, 82, 83, 85, 86, 87, 88, 89]
2026-05-14 10:21:34,524 [DEBUG] Took 0.002s to close glyph list over 'glyf'
2026-05-14 10:21:34,527 [INFO] Retaining 33 glyphs
2026-05-14 10:21:34,528 [INFO] head subsetting not needed
2026-05-14 10:21:34,528 [INFO] hhea subsetting not needed
2026-05-14 10:21:34,528 [INFO] maxp subsetting not needed
2026-05-14 10:21:34,528 [INFO] OS/2 subsetting not needed
2026-05-14 10:21:34,528 [DEBUG] Reading 'hmtx' table from disk
2026-05-14 10:21:34,528 [DEBUG] Decompiling 'hmtx' table
2026-05-14 10:21:34,528 [DEBUG] Reading 'hhea' table from disk
2026-05-14 10:21:34,528 [DEBUG] Decompiling 'hhea' table
2026-05-14 10:21:34,532 [DEBUG] Took 0.004s to subset 'hmtx'
2026-05-14 10:21:34,532 [INFO] hmtx subsetted
2026-05-14 10:21:34,533 [DEBUG] Took 0.001s to subset 'cmap'
2026-05-14 10:21:34,533 [INFO] cmap subsetted
2026-05-14 10:21:34,534 [INFO] loca subsetting not needed
2026-05-14 10:21:34,534 [DEBUG] Took 0.000s to subset 'post'
2026-05-14 10:21:34,534 [INFO] post subsetted
2026-05-14 10:21:34,534 [INFO] gasp subsetting not needed
2026-05-14 10:21:34,534 [INFO] MERG NOT subset; don't know how to subset
2026-05-14 10:21:34,534 [INFO] meta NOT subset; don't know how to subset
2026-05-14 10:21:34,534 [DEBUG] Reading 'GDEF' table from disk
2026-05-14 10:21:34,534 [DEBUG] Decompiling 'GDEF' table
2026-05-14 10:21:34,537 [DEBUG] Took 0.003s to subset 'GDEF'
2026-05-14 10:21:34,538 [INFO] GDEF subsetted
2026-05-14 10:21:34,538 [INFO] name subsetting not needed
2026-05-14 10:21:34,540 [DEBUG] Took 0.002s to subset 'glyf'
2026-05-14 10:21:34,540 [INFO] glyf subsetted
2026-05-14 10:21:34,540 [DEBUG] Took 0.000s to subset GlyphOrder
2026-05-14 10:21:34,541 [DEBUG] Took 0.000s to prune 'head'
2026-05-14 10:21:34,541 [INFO] head pruned
2026-05-14 10:21:34,541 [DEBUG] Reading 'OS/2' table from disk
2026-05-14 10:21:34,541 [DEBUG] Decompiling 'OS/2' table
2026-05-14 10:21:34,541 [INFO] OS/2 Unicode ranges pruned: [0, 31]
2026-05-14 10:21:34,542 [INFO] OS/2 CodePage ranges pruned: [0]
2026-05-14 10:21:34,542 [DEBUG] Took 0.000s to prune 'glyf'
2026-05-14 10:21:34,542 [INFO] glyf pruned
2026-05-14 10:21:34,542 [DEBUG] Took 0.000s to prune 'GDEF'
2026-05-14 10:21:34,543 [INFO] GDEF pruned
2026-05-14 10:21:34,543 [DEBUG] Reading 'name' table from disk
2026-05-14 10:21:34,543 [DEBUG] Decompiling 'name' table
2026-05-14 10:21:34,544 [DEBUG] Reading 'gasp' table from disk
2026-05-14 10:21:34,544 [DEBUG] Decompiling 'gasp' table
2026-05-14 10:21:34,544 [DEBUG] Reading 'MERG' table from disk
2026-05-14 10:21:34,544 [DEBUG] Decompiling 'MERG' table
2026-05-14 10:21:34,544 [DEBUG] Reading 'meta' table from disk
2026-05-14 10:21:34,544 [DEBUG] Decompiling 'meta' table
2026-05-14 10:21:34,544 [DEBUG] Took 0.001s to prune 'name'
2026-05-14 10:21:34,544 [INFO] name pruned
2026-05-14 10:25:30,684 [WARNING] Unknown rendering option: optimize_size.
2026-05-14 10:25:30,724 [ERROR] Failed to load stylesheet at file:///static/vendor/bootstrap/5.3.3/css/bootstrap.min.css: URLError: <urlopen error [WinError 3] Das System kann den angegebenen Pfad nicht finden: '\\static\\vendor\\bootstrap\\5.3.3\\css\\bootstrap.min.css'>
2026-05-14 10:25:30,724 [ERROR] Failed to load stylesheet at file:///static/vendor/bootstrap-icons/1.11.3/font/bootstrap-icons.min.css: URLError: <urlopen error [WinError 3] Das System kann den angegebenen Pfad nicht finden: '\\static\\vendor\\bootstrap-icons\\1.11.3\\font\\bootstrap-icons.min.css'>
2026-05-14 10:25:30,725 [ERROR] Failed to load stylesheet at file:///static/pwa/css/styles.css: URLError: <urlopen error [WinError 3] Das System kann den angegebenen Pfad nicht finden: '\\static\\pwa\\css\\styles.css'>
2026-05-14 10:25:30,729 [WARNING] Ignored `min-height: 100vh` at 46:7, invalid value.
2026-05-14 10:25:30,735 [WARNING] Expected a media type, got '(max-width: 992px)'
2026-05-14 10:25:30,735 [WARNING] Invalid media type ' (max-width: 992px) ' the whole @media rule was ignored at 128:5.
2026-05-14 10:25:30,741 [WARNING] Ignored `user-select: none` at 22:6, unknown property.
2026-05-14 10:25:30,742 [WARNING] Expected a media type, got '(min-width: 992px)'
2026-05-14 10:25:30,743 [WARNING] Invalid media type ' (min-width: 992px) ' the whole @media rule was ignored at 40:4.
2026-05-14 10:25:30,751 [WARNING] Ignored `box-shadow: 0 2px 10px rgba(0,0,0,0.07) ` at 8:5, unknown property.
2026-05-14 10:25:31,286 [DEBUG] Reading 'maxp' table from disk
2026-05-14 10:25:31,286 [DEBUG] Decompiling 'maxp' table
2026-05-14 10:25:31,286 [DEBUG] Took 0.000s to load 'maxp'
2026-05-14 10:25:31,287 [DEBUG] Took 0.000s to prune 'maxp'
2026-05-14 10:25:31,287 [INFO] maxp pruned
2026-05-14 10:25:31,287 [INFO] LTSH dropped
2026-05-14 10:25:31,287 [INFO] VDMX dropped
2026-05-14 10:25:31,287 [INFO] hdmx dropped
2026-05-14 10:25:31,287 [DEBUG] Reading 'cmap' table from disk
2026-05-14 10:25:31,287 [DEBUG] Decompiling 'cmap' table
2026-05-14 10:25:31,287 [DEBUG] Took 0.000s to load 'cmap'
2026-05-14 10:25:31,287 [DEBUG] Took 0.000s to prune 'cmap'
2026-05-14 10:25:31,287 [INFO] cmap pruned
2026-05-14 10:25:31,287 [INFO] fpgm dropped
2026-05-14 10:25:31,288 [INFO] prep dropped
2026-05-14 10:25:31,288 [INFO] cvt  dropped
2026-05-14 10:25:31,288 [INFO] kern dropped
2026-05-14 10:25:31,288 [DEBUG] Reading 'post' table from disk
2026-05-14 10:25:31,288 [DEBUG] Decompiling 'post' table
2026-05-14 10:25:31,288 [DEBUG] Took 0.000s to load 'post'
2026-05-14 10:25:31,288 [DEBUG] Took 0.000s to prune 'post'
2026-05-14 10:25:31,288 [INFO] post pruned
2026-05-14 10:25:31,289 [INFO] GPOS dropped
2026-05-14 10:25:31,289 [INFO] GSUB dropped
2026-05-14 10:25:31,289 [DEBUG] Reading 'glyf' table from disk
2026-05-14 10:25:31,289 [DEBUG] Decompiling 'glyf' table
2026-05-14 10:25:31,289 [DEBUG] Reading 'loca' table from disk
2026-05-14 10:25:31,289 [DEBUG] Decompiling 'loca' table
2026-05-14 10:25:31,289 [DEBUG] Reading 'head' table from disk
2026-05-14 10:25:31,290 [DEBUG] Decompiling 'head' table
2026-05-14 10:25:31,292 [DEBUG] Reading 'cmap' table from disk
2026-05-14 10:25:31,292 [DEBUG] Decompiling 'cmap' table
2026-05-14 10:25:31,315 [DEBUG] Took 0.026s to load 'glyf'
2026-05-14 10:25:31,315 [DEBUG] Took 0.000s to prune 'glyf'
2026-05-14 10:25:31,315 [INFO] glyf pruned
2026-05-14 10:25:31,321 [DEBUG] Took 0.005s to close glyph list over 'cmap'
2026-05-14 10:25:31,321 [INFO] Added gid0 to subset
2026-05-14 10:25:31,321 [INFO] Closing glyph list over 'glyf': 62 glyphs before
2026-05-14 10:25:31,321 [INFO] Glyph names: ['.notdef', 'A', 'B', 'C', 'D', 'E', 'Euro', 'F', 'H', 'K', 'L', 'M', 'N', 'O', 'P', 'Q', 'R', 'S', 'U', 'Udieresis', 'V', 'Z', 'a', 'adieresis', 'b', 'c', 'colon', 'comma', 'd', 'e', 'f', 'g', 'h', 'hyphen', 'i', 'k', 'l', 'm', 'n', 'nine', 'o', 'odieresis', 'one', 'p', 'parenleft', 'parenright', 'period', 'r', 's', 'seven', 'six', 'space', 't', 'three', 'two', 'u', 'udieresis', 'v', 'w', 'y', 'z', 'zero']
2026-05-14 10:25:31,323 [INFO] Glyph IDs:   [0, 3, 11, 12, 15, 16, 17, 19, 20, 21, 22, 25, 26, 28, 29, 36, 37, 38, 39, 40, 41, 43, 46, 47, 48, 49, 50, 51, 52, 53, 54, 56, 57, 61, 68, 69, 70, 71, 72, 73, 74, 75, 76, 78, 79, 80, 81, 82, 83, 85, 86, 87, 88, 89, 90, 92, 93, 104, 108, 124, 129, 189]
2026-05-14 10:25:31,323 [INFO] Closed glyph list over 'glyf': 63 glyphs after
2026-05-14 10:25:31,323 [INFO] Glyph names: ['.notdef', 'A', 'B', 'C', 'D', 'E', 'Euro', 'F', 'H', 'K', 'L', 'M', 'N', 'O', 'P', 'Q', 'R', 'S', 'U', 'Udieresis', 'V', 'Z', 'a', 'adieresis', 'b', 'c', 'colon', 'comma', 'd', 'dieresis', 'e', 'f', 'g', 'h', 'hyphen', 'i', 'k', 'l', 'm', 'n', 'nine', 'o', 'odieresis', 'one', 'p', 'parenleft', 'parenright', 'period', 'r', 's', 'seven', 'six', 'space', 't', 'three', 'two', 'u', 'udieresis', 'v', 'w', 'y', 'z', 'zero']
2026-05-14 10:25:31,323 [INFO] Glyph IDs:   [0, 3, 11, 12, 15, 16, 17, 19, 20, 21, 22, 25, 26, 28, 29, 36, 37, 38, 39, 40, 41, 43, 46, 47, 48, 49, 50, 51, 52, 53, 54, 56, 57, 61, 68, 69, 70, 71, 72, 73, 74, 75, 76, 78, 79, 80, 81, 82, 83, 85, 86, 87, 88, 89, 90, 92, 93, 104, 108, 124, 129, 143, 189]
2026-05-14 10:25:31,323 [DEBUG] Took 0.002s to close glyph list over 'glyf'
2026-05-14 10:25:31,327 [INFO] Retaining 63 glyphs
2026-05-14 10:25:31,328 [INFO] head subsetting not needed
2026-05-14 10:25:31,328 [INFO] hhea subsetting not needed
2026-05-14 10:25:31,328 [INFO] maxp subsetting not needed
2026-05-14 10:25:31,328 [INFO] OS/2 subsetting not needed
2026-05-14 10:25:31,328 [DEBUG] Reading 'hmtx' table from disk
2026-05-14 10:25:31,328 [DEBUG] Decompiling 'hmtx' table
2026-05-14 10:25:31,329 [DEBUG] Reading 'hhea' table from disk
2026-05-14 10:25:31,329 [DEBUG] Decompiling 'hhea' table
2026-05-14 10:25:31,332 [DEBUG] Took 0.004s to subset 'hmtx'
2026-05-14 10:25:31,332 [INFO] hmtx subsetted
2026-05-14 10:25:31,334 [DEBUG] Took 0.001s to subset 'cmap'
2026-05-14 10:25:31,334 [INFO] cmap subsetted
2026-05-14 10:25:31,334 [INFO] loca subsetting not needed
2026-05-14 10:25:31,334 [DEBUG] Took 0.000s to subset 'post'
2026-05-14 10:25:31,334 [INFO] post subsetted
2026-05-14 10:25:31,335 [INFO] gasp subsetting not needed
2026-05-14 10:25:31,335 [INFO] MERG NOT subset; don't know how to subset
2026-05-14 10:25:31,335 [INFO] meta NOT subset; don't know how to subset
2026-05-14 10:25:31,335 [DEBUG] Reading 'GDEF' table from disk
2026-05-14 10:25:31,335 [DEBUG] Decompiling 'GDEF' table
2026-05-14 10:25:31,339 [DEBUG] Took 0.004s to subset 'GDEF'
2026-05-14 10:25:31,339 [INFO] GDEF subsetted
2026-05-14 10:25:31,339 [INFO] name subsetting not needed
2026-05-14 10:25:31,340 [DEBUG] Took 0.001s to subset 'glyf'
2026-05-14 10:25:31,341 [INFO] glyf subsetted
2026-05-14 10:25:31,341 [DEBUG] Took 0.000s to subset GlyphOrder
2026-05-14 10:25:31,341 [DEBUG] Took 0.000s to prune 'head'
2026-05-14 10:25:31,341 [INFO] head pruned
2026-05-14 10:25:31,341 [DEBUG] Reading 'OS/2' table from disk
2026-05-14 10:25:31,342 [DEBUG] Decompiling 'OS/2' table
2026-05-14 10:25:31,342 [INFO] OS/2 Unicode ranges pruned: [0, 1, 31, 33, 63]
2026-05-14 10:25:31,342 [INFO] OS/2 CodePage ranges pruned: [0]
2026-05-14 10:25:31,343 [DEBUG] Took 0.001s to prune 'glyf'
2026-05-14 10:25:31,343 [INFO] glyf pruned
2026-05-14 10:25:31,343 [DEBUG] Took 0.000s to prune 'GDEF'
2026-05-14 10:25:31,344 [INFO] GDEF pruned
2026-05-14 10:25:31,344 [DEBUG] Reading 'name' table from disk
2026-05-14 10:25:31,344 [DEBUG] Decompiling 'name' table
2026-05-14 10:25:31,345 [DEBUG] Reading 'gasp' table from disk
2026-05-14 10:25:31,345 [DEBUG] Decompiling 'gasp' table
2026-05-14 10:25:31,346 [DEBUG] Reading 'MERG' table from disk
2026-05-14 10:25:31,346 [DEBUG] Decompiling 'MERG' table
2026-05-14 10:25:31,346 [DEBUG] Reading 'meta' table from disk
2026-05-14 10:25:31,346 [DEBUG] Decompiling 'meta' table
2026-05-14 10:25:31,347 [DEBUG] Took 0.003s to prune 'name'
2026-05-14 10:25:31,347 [INFO] name pruned
2026-05-14 10:25:31,364 [DEBUG] Reading 'maxp' table from disk
2026-05-14 10:25:31,364 [DEBUG] Decompiling 'maxp' table
2026-05-14 10:25:31,364 [DEBUG] Took 0.000s to load 'maxp'
2026-05-14 10:25:31,364 [DEBUG] Took 0.000s to prune 'maxp'
2026-05-14 10:25:31,364 [INFO] maxp pruned
2026-05-14 10:25:31,365 [INFO] LTSH dropped
2026-05-14 10:25:31,365 [INFO] VDMX dropped
2026-05-14 10:25:31,365 [INFO] hdmx dropped
2026-05-14 10:25:31,365 [DEBUG] Reading 'cmap' table from disk
2026-05-14 10:25:31,365 [DEBUG] Decompiling 'cmap' table
2026-05-14 10:25:31,365 [DEBUG] Took 0.000s to load 'cmap'
2026-05-14 10:25:31,365 [DEBUG] Took 0.000s to prune 'cmap'
2026-05-14 10:25:31,365 [INFO] cmap pruned
2026-05-14 10:25:31,365 [INFO] fpgm dropped
2026-05-14 10:25:31,365 [INFO] prep dropped
2026-05-14 10:25:31,365 [INFO] cvt  dropped
2026-05-14 10:25:31,365 [INFO] kern dropped
2026-05-14 10:25:31,365 [DEBUG] Reading 'post' table from disk
2026-05-14 10:25:31,366 [DEBUG] Decompiling 'post' table
2026-05-14 10:25:31,366 [DEBUG] Took 0.000s to load 'post'
2026-05-14 10:25:31,366 [DEBUG] Took 0.000s to prune 'post'
2026-05-14 10:25:31,366 [INFO] post pruned
2026-05-14 10:25:31,366 [INFO] GPOS dropped
2026-05-14 10:25:31,366 [INFO] GSUB dropped
2026-05-14 10:25:31,366 [DEBUG] Reading 'glyf' table from disk
2026-05-14 10:25:31,367 [DEBUG] Decompiling 'glyf' table
2026-05-14 10:25:31,367 [DEBUG] Reading 'loca' table from disk
2026-05-14 10:25:31,367 [DEBUG] Decompiling 'loca' table
2026-05-14 10:25:31,367 [DEBUG] Reading 'head' table from disk
2026-05-14 10:25:31,367 [DEBUG] Decompiling 'head' table
2026-05-14 10:25:31,370 [DEBUG] Reading 'cmap' table from disk
2026-05-14 10:25:31,370 [DEBUG] Decompiling 'cmap' table
2026-05-14 10:25:31,392 [DEBUG] Took 0.026s to load 'glyf'
2026-05-14 10:25:31,393 [DEBUG] Took 0.000s to prune 'glyf'
2026-05-14 10:25:31,393 [INFO] glyf pruned
2026-05-14 10:25:31,400 [DEBUG] Took 0.006s to close glyph list over 'cmap'
2026-05-14 10:25:31,400 [INFO] Added gid0 to subset
2026-05-14 10:25:31,400 [INFO] Closing glyph list over 'glyf': 70 glyphs before
2026-05-14 10:25:31,401 [INFO] Glyph names: ['.notdef', 'A', 'B', 'C', 'D', 'E', 'Euro', 'F', 'G', 'I', 'K', 'L', 'M', 'N', 'O', 'R', 'S', 'T', 'Udieresis', 'V', 'Z', 'a', 'at', 'b', 'c', 'colon', 'comma', 'd', 'e', 'eight', 'endash', 'f', 'five', 'four', 'g', 'germandbls', 'h', 'hyphen', 'i', 'k', 'l', 'm', 'n', 'nine', 'numbersign', 'o', 'one', 'p', 'parenleft', 'parenright', 'percent', 'period', 'periodcentered', 'plus', 'r', 's', 'seven', 'six', 'slash', 'space', 't', 'three', 'two', 'u', 'udieresis', 'v', 'w', 'y', 'z', 'zero']
2026-05-14 10:25:31,402 [INFO] Glyph IDs:   [0, 3, 6, 8, 11, 12, 14, 15, 16, 17, 18, 19, 20, 21, 22, 23, 24, 25, 26, 27, 28, 29, 35, 36, 37, 38, 39, 40, 41, 42, 44, 46, 47, 48, 49, 50, 53, 54, 55, 57, 61, 68, 69, 70, 71, 72, 73, 74, 75, 76, 78, 79, 80, 81, 82, 83, 85, 86, 87, 88, 89, 90, 92, 93, 104, 129, 137, 178, 189, 195]
2026-05-14 10:25:31,402 [INFO] Closed glyph list over 'glyf': 72 glyphs after
2026-05-14 10:25:31,402 [INFO] Glyph names: ['.notdef', 'A', 'B', 'C', 'D', 'E', 'Euro', 'F', 'G', 'I', 'K', 'L', 'M', 'N', 'O', 'R', 'S', 'T', 'U', 'Udieresis', 'V', 'Z', 'a', 'at', 'b', 'c', 'colon', 'comma', 'd', 'dieresis', 'e', 'eight', 'endash', 'f', 'five', 'four', 'g', 'germandbls', 'h', 'hyphen', 'i', 'k', 'l', 'm', 'n', 'nine', 'numbersign', 'o', 'one', 'p', 'parenleft', 'parenright', 'percent', 'period', 'periodcentered', 'plus', 'r', 's', 'seven', 'six', 'slash', 'space', 't', 'three', 'two', 'u', 'udieresis', 'v', 'w', 'y', 'z', 'zero']
2026-05-14 10:25:31,403 [INFO] Glyph IDs:   [0, 3, 6, 8, 11, 12, 14, 15, 16, 17, 18, 19, 20, 21, 22, 23, 24, 25, 26, 27, 28, 29, 35, 36, 37, 38, 39, 40, 41, 42, 44, 46, 47, 48, 49, 50, 53, 54, 55, 56, 57, 61, 68, 69, 70, 71, 72, 73, 74, 75, 76, 78, 79, 80, 81, 82, 83, 85, 86, 87, 88, 89, 90, 92, 93, 104, 129, 137, 143, 178, 189, 195]
2026-05-14 10:25:31,403 [DEBUG] Took 0.002s to close glyph list over 'glyf'
2026-05-14 10:25:31,408 [INFO] Retaining 72 glyphs
2026-05-14 10:25:31,408 [INFO] head subsetting not needed
2026-05-14 10:25:31,409 [INFO] hhea subsetting not needed
2026-05-14 10:25:31,410 [INFO] maxp subsetting not needed
2026-05-14 10:25:31,411 [INFO] OS/2 subsetting not needed
2026-05-14 10:25:31,411 [DEBUG] Reading 'hmtx' table from disk
2026-05-14 10:25:31,411 [DEBUG] Decompiling 'hmtx' table
2026-05-14 10:25:31,413 [DEBUG] Reading 'hhea' table from disk
2026-05-14 10:25:31,414 [DEBUG] Decompiling 'hhea' table
2026-05-14 10:25:31,418 [DEBUG] Took 0.007s to subset 'hmtx'
2026-05-14 10:25:31,418 [INFO] hmtx subsetted
2026-05-14 10:25:31,420 [DEBUG] Took 0.001s to subset 'cmap'
2026-05-14 10:25:31,420 [INFO] cmap subsetted
2026-05-14 10:25:31,420 [INFO] loca subsetting not needed
2026-05-14 10:25:31,420 [DEBUG] Took 0.000s to subset 'post'
2026-05-14 10:25:31,420 [INFO] post subsetted
2026-05-14 10:25:31,420 [INFO] gasp subsetting not needed
2026-05-14 10:25:31,421 [INFO] MERG NOT subset; don't know how to subset
2026-05-14 10:25:31,421 [INFO] meta NOT subset; don't know how to subset
2026-05-14 10:25:31,421 [DEBUG] Reading 'GDEF' table from disk
2026-05-14 10:25:31,421 [DEBUG] Decompiling 'GDEF' table
2026-05-14 10:25:31,424 [DEBUG] Took 0.004s to subset 'GDEF'
2026-05-14 10:25:31,425 [INFO] GDEF subsetted
2026-05-14 10:25:31,425 [INFO] name subsetting not needed
2026-05-14 10:25:31,426 [DEBUG] Took 0.001s to subset 'glyf'
2026-05-14 10:25:31,426 [INFO] glyf subsetted
2026-05-14 10:25:31,427 [DEBUG] Took 0.000s to subset GlyphOrder
2026-05-14 10:25:31,427 [DEBUG] Took 0.000s to prune 'head'
2026-05-14 10:25:31,427 [INFO] head pruned
2026-05-14 10:25:31,427 [DEBUG] Reading 'OS/2' table from disk
2026-05-14 10:25:31,427 [DEBUG] Decompiling 'OS/2' table
2026-05-14 10:25:31,428 [INFO] OS/2 Unicode ranges pruned: [0, 1, 31, 33, 63]
2026-05-14 10:25:31,429 [INFO] OS/2 CodePage ranges pruned: [0]
2026-05-14 10:25:31,430 [DEBUG] Took 0.001s to prune 'glyf'
2026-05-14 10:25:31,431 [INFO] glyf pruned
2026-05-14 10:25:31,431 [DEBUG] Took 0.000s to prune 'GDEF'
2026-05-14 10:25:31,431 [INFO] GDEF pruned
2026-05-14 10:25:31,431 [DEBUG] Reading 'name' table from disk
2026-05-14 10:25:31,431 [DEBUG] Decompiling 'name' table
2026-05-14 10:25:31,432 [DEBUG] Reading 'gasp' table from disk
2026-05-14 10:25:31,433 [DEBUG] Decompiling 'gasp' table
2026-05-14 10:25:31,433 [DEBUG] Reading 'MERG' table from disk
2026-05-14 10:25:31,433 [DEBUG] Decompiling 'MERG' table
2026-05-14 10:25:31,433 [DEBUG] Reading 'meta' table from disk
2026-05-14 10:25:31,433 [DEBUG] Decompiling 'meta' table
2026-05-14 10:25:31,434 [DEBUG] Took 0.002s to prune 'name'
2026-05-14 10:25:31,434 [INFO] name pruned
2026-05-14 10:25:31,455 [DEBUG] Reading 'maxp' table from disk
2026-05-14 10:25:31,455 [DEBUG] Decompiling 'maxp' table
2026-05-14 10:25:31,455 [DEBUG] Took 0.001s to load 'maxp'
2026-05-14 10:25:31,456 [DEBUG] Took 0.000s to prune 'maxp'
2026-05-14 10:25:31,456 [INFO] maxp pruned
2026-05-14 10:25:31,456 [INFO] LTSH dropped
2026-05-14 10:25:31,457 [INFO] VDMX dropped
2026-05-14 10:25:31,457 [INFO] hdmx dropped
2026-05-14 10:25:31,457 [DEBUG] Reading 'cmap' table from disk
2026-05-14 10:25:31,457 [DEBUG] Decompiling 'cmap' table
2026-05-14 10:25:31,457 [DEBUG] Took 0.000s to load 'cmap'
2026-05-14 10:25:31,457 [DEBUG] Took 0.000s to prune 'cmap'
2026-05-14 10:25:31,458 [INFO] cmap pruned
2026-05-14 10:25:31,458 [INFO] fpgm dropped
2026-05-14 10:25:31,458 [INFO] prep dropped
2026-05-14 10:25:31,458 [INFO] cvt  dropped
2026-05-14 10:25:31,458 [INFO] kern dropped
2026-05-14 10:25:31,458 [DEBUG] Reading 'post' table from disk
2026-05-14 10:25:31,458 [DEBUG] Decompiling 'post' table
2026-05-14 10:25:31,458 [DEBUG] Took 0.000s to load 'post'
2026-05-14 10:25:31,458 [DEBUG] Took 0.000s to prune 'post'
2026-05-14 10:25:31,459 [INFO] post pruned
2026-05-14 10:25:31,459 [INFO] GPOS dropped
2026-05-14 10:25:31,459 [INFO] GSUB dropped
2026-05-14 10:25:31,459 [DEBUG] Reading 'glyf' table from disk
2026-05-14 10:25:31,460 [DEBUG] Decompiling 'glyf' table
2026-05-14 10:25:31,460 [DEBUG] Reading 'loca' table from disk
2026-05-14 10:25:31,460 [DEBUG] Decompiling 'loca' table
2026-05-14 10:25:31,460 [DEBUG] Reading 'head' table from disk
2026-05-14 10:25:31,460 [DEBUG] Decompiling 'head' table
2026-05-14 10:25:31,464 [DEBUG] Reading 'cmap' table from disk
2026-05-14 10:25:31,464 [DEBUG] Decompiling 'cmap' table
2026-05-14 10:25:31,485 [DEBUG] Took 0.025s to load 'glyf'
2026-05-14 10:25:31,485 [DEBUG] Took 0.000s to prune 'glyf'
2026-05-14 10:25:31,485 [INFO] glyf pruned
2026-05-14 10:25:31,491 [DEBUG] Took 0.005s to close glyph list over 'cmap'
2026-05-14 10:25:31,491 [INFO] Added gid0 to subset
2026-05-14 10:25:31,492 [INFO] Closing glyph list over 'glyf': 35 glyphs before
2026-05-14 10:25:31,493 [INFO] Glyph names: ['.notdef', 'K', 'M', 'N', 'R', 'S', 'a', 'b', 'c', 'd', 'e', 'five', 'g', 'h', 'hyphen', 'i', 'l', 'm', 'n', 'nine', 'o', 'one', 'p', 'period', 'r', 's', 'six', 'space', 't', 'three', 'two', 'u', 'v', 'y', 'zero']
2026-05-14 10:25:31,494 [INFO] Glyph IDs:   [0, 3, 16, 17, 19, 20, 21, 22, 24, 25, 28, 46, 48, 49, 53, 54, 68, 69, 70, 71, 72, 74, 75, 76, 79, 80, 81, 82, 83, 85, 86, 87, 88, 89, 92]
2026-05-14 10:25:31,494 [INFO] Closed glyph list over 'glyf': 35 glyphs after
2026-05-14 10:25:31,494 [INFO] Glyph names: ['.notdef', 'K', 'M', 'N', 'R', 'S', 'a', 'b', 'c', 'd', 'e', 'five', 'g', 'h', 'hyphen', 'i', 'l', 'm', 'n', 'nine', 'o', 'one', 'p', 'period', 'r', 's', 'six', 'space', 't', 'three', 'two', 'u', 'v', 'y', 'zero']
2026-05-14 10:25:31,494 [INFO] Glyph IDs:   [0, 3, 16, 17, 19, 20, 21, 22, 24, 25, 28, 46, 48, 49, 53, 54, 68, 69, 70, 71, 72, 74, 75, 76, 79, 80, 81, 82, 83, 85, 86, 87, 88, 89, 92]
2026-05-14 10:25:31,495 [DEBUG] Took 0.002s to close glyph list over 'glyf'
2026-05-14 10:25:31,499 [INFO] Retaining 35 glyphs
2026-05-14 10:25:31,499 [INFO] head subsetting not needed
2026-05-14 10:25:31,499 [INFO] hhea subsetting not needed
2026-05-14 10:25:31,500 [INFO] maxp subsetting not needed
2026-05-14 10:25:31,500 [INFO] OS/2 subsetting not needed
2026-05-14 10:25:31,500 [DEBUG] Reading 'hmtx' table from disk
2026-05-14 10:25:31,500 [DEBUG] Decompiling 'hmtx' table
2026-05-14 10:25:31,500 [DEBUG] Reading 'hhea' table from disk
2026-05-14 10:25:31,500 [DEBUG] Decompiling 'hhea' table
2026-05-14 10:25:31,504 [DEBUG] Took 0.004s to subset 'hmtx'
2026-05-14 10:25:31,504 [INFO] hmtx subsetted
2026-05-14 10:25:31,506 [DEBUG] Took 0.001s to subset 'cmap'
2026-05-14 10:25:31,506 [INFO] cmap subsetted
2026-05-14 10:25:31,506 [INFO] loca subsetting not needed
2026-05-14 10:25:31,506 [DEBUG] Took 0.000s to subset 'post'
2026-05-14 10:25:31,506 [INFO] post subsetted
2026-05-14 10:25:31,506 [INFO] gasp subsetting not needed
2026-05-14 10:25:31,507 [INFO] MERG NOT subset; don't know how to subset
2026-05-14 10:25:31,507 [INFO] meta NOT subset; don't know how to subset
2026-05-14 10:25:31,507 [DEBUG] Reading 'GDEF' table from disk
2026-05-14 10:25:31,507 [DEBUG] Decompiling 'GDEF' table
2026-05-14 10:25:31,510 [DEBUG] Took 0.003s to subset 'GDEF'
2026-05-14 10:25:31,511 [INFO] GDEF subsetted
2026-05-14 10:25:31,511 [INFO] name subsetting not needed
2026-05-14 10:25:31,512 [DEBUG] Took 0.001s to subset 'glyf'
2026-05-14 10:25:31,513 [INFO] glyf subsetted
2026-05-14 10:25:31,513 [DEBUG] Took 0.000s to subset GlyphOrder
2026-05-14 10:25:31,513 [DEBUG] Took 0.000s to prune 'head'
2026-05-14 10:25:31,513 [INFO] head pruned
2026-05-14 10:25:31,513 [DEBUG] Reading 'OS/2' table from disk
2026-05-14 10:25:31,513 [DEBUG] Decompiling 'OS/2' table
2026-05-14 10:25:31,514 [INFO] OS/2 Unicode ranges pruned: [0, 31]
2026-05-14 10:25:31,514 [INFO] OS/2 CodePage ranges pruned: [0]
2026-05-14 10:25:31,514 [DEBUG] Took 0.000s to prune 'glyf'
2026-05-14 10:25:31,514 [INFO] glyf pruned
2026-05-14 10:25:31,515 [DEBUG] Took 0.000s to prune 'GDEF'
2026-05-14 10:25:31,515 [INFO] GDEF pruned
2026-05-14 10:25:31,515 [DEBUG] Reading 'name' table from disk
2026-05-14 10:25:31,515 [DEBUG] Decompiling 'name' table
2026-05-14 10:25:31,516 [DEBUG] Reading 'gasp' table from disk
2026-05-14 10:25:31,516 [DEBUG] Decompiling 'gasp' table
2026-05-14 10:25:31,516 [DEBUG] Reading 'MERG' table from disk
2026-05-14 10:25:31,516 [DEBUG] Decompiling 'MERG' table
2026-05-14 10:25:31,516 [DEBUG] Reading 'meta' table from disk
2026-05-14 10:25:31,516 [DEBUG] Decompiling 'meta' table
2026-05-14 10:25:31,517 [DEBUG] Took 0.001s to prune 'name'
2026-05-14 10:25:31,517 [INFO] name pruned
2026-05-14 10:27:16,802 [WARNING] Unknown rendering option: optimize_size.
2026-05-14 10:27:16,839 [ERROR] Failed to load stylesheet at file:///static/vendor/bootstrap/5.3.3/css/bootstrap.min.css: URLError: <urlopen error [WinError 3] Das System kann den angegebenen Pfad nicht finden: '\\static\\vendor\\bootstrap\\5.3.3\\css\\bootstrap.min.css'>
2026-05-14 10:27:16,840 [ERROR] Failed to load stylesheet at file:///static/vendor/bootstrap-icons/1.11.3/font/bootstrap-icons.min.css: URLError: <urlopen error [WinError 3] Das System kann den angegebenen Pfad nicht finden: '\\static\\vendor\\bootstrap-icons\\1.11.3\\font\\bootstrap-icons.min.css'>
2026-05-14 10:27:16,840 [ERROR] Failed to load stylesheet at file:///static/pwa/css/styles.css: URLError: <urlopen error [WinError 3] Das System kann den angegebenen Pfad nicht finden: '\\static\\pwa\\css\\styles.css'>
2026-05-14 10:27:16,844 [WARNING] Ignored `min-height: 100vh` at 46:7, invalid value.
2026-05-14 10:27:16,849 [WARNING] Expected a media type, got '(max-width: 992px)'
2026-05-14 10:27:16,849 [WARNING] Invalid media type ' (max-width: 992px) ' the whole @media rule was ignored at 128:5.
2026-05-14 10:27:16,856 [WARNING] Ignored `user-select: none` at 22:6, unknown property.
2026-05-14 10:27:16,857 [WARNING] Expected a media type, got '(min-width: 992px)'
2026-05-14 10:27:16,857 [WARNING] Invalid media type ' (min-width: 992px) ' the whole @media rule was ignored at 40:4.
2026-05-14 10:27:16,866 [WARNING] Ignored `box-shadow: 0 2px 10px rgba(0,0,0,0.07) ` at 8:5, unknown property.
2026-05-14 10:27:17,476 [DEBUG] Reading 'maxp' table from disk
2026-05-14 10:27:17,476 [DEBUG] Decompiling 'maxp' table
2026-05-14 10:27:17,476 [DEBUG] Took 0.000s to load 'maxp'
2026-05-14 10:27:17,476 [DEBUG] Took 0.000s to prune 'maxp'
2026-05-14 10:27:17,476 [INFO] maxp pruned
2026-05-14 10:27:17,477 [INFO] LTSH dropped
2026-05-14 10:27:17,477 [INFO] VDMX dropped
2026-05-14 10:27:17,477 [INFO] hdmx dropped
2026-05-14 10:27:17,477 [DEBUG] Reading 'cmap' table from disk
2026-05-14 10:27:17,477 [DEBUG] Decompiling 'cmap' table
2026-05-14 10:27:17,477 [DEBUG] Took 0.000s to load 'cmap'
2026-05-14 10:27:17,477 [DEBUG] Took 0.000s to prune 'cmap'
2026-05-14 10:27:17,477 [INFO] cmap pruned
2026-05-14 10:27:17,477 [INFO] fpgm dropped
2026-05-14 10:27:17,477 [INFO] prep dropped
2026-05-14 10:27:17,477 [INFO] cvt  dropped
2026-05-14 10:27:17,478 [INFO] kern dropped
2026-05-14 10:27:17,478 [DEBUG] Reading 'post' table from disk
2026-05-14 10:27:17,478 [DEBUG] Decompiling 'post' table
2026-05-14 10:27:17,478 [DEBUG] Took 0.000s to load 'post'
2026-05-14 10:27:17,478 [DEBUG] Took 0.000s to prune 'post'
2026-05-14 10:27:17,478 [INFO] post pruned
2026-05-14 10:27:17,478 [INFO] GPOS dropped
2026-05-14 10:27:17,478 [INFO] GSUB dropped
2026-05-14 10:27:17,479 [DEBUG] Reading 'glyf' table from disk
2026-05-14 10:27:17,479 [DEBUG] Decompiling 'glyf' table
2026-05-14 10:27:17,479 [DEBUG] Reading 'loca' table from disk
2026-05-14 10:27:17,479 [DEBUG] Decompiling 'loca' table
2026-05-14 10:27:17,479 [DEBUG] Reading 'head' table from disk
2026-05-14 10:27:17,479 [DEBUG] Decompiling 'head' table
2026-05-14 10:27:17,482 [DEBUG] Reading 'cmap' table from disk
2026-05-14 10:27:17,482 [DEBUG] Decompiling 'cmap' table
2026-05-14 10:27:17,505 [DEBUG] Took 0.026s to load 'glyf'
2026-05-14 10:27:17,505 [DEBUG] Took 0.000s to prune 'glyf'
2026-05-14 10:27:17,505 [INFO] glyf pruned
2026-05-14 10:27:17,511 [DEBUG] Took 0.005s to close glyph list over 'cmap'
2026-05-14 10:27:17,511 [INFO] Added gid0 to subset
2026-05-14 10:27:17,511 [INFO] Closing glyph list over 'glyf': 61 glyphs before
2026-05-14 10:27:17,511 [INFO] Glyph names: ['.notdef', 'A', 'B', 'C', 'D', 'E', 'Euro', 'F', 'H', 'L', 'M', 'N', 'O', 'P', 'Q', 'R', 'S', 'U', 'V', 'Z', 'a', 'adieresis', 'b', 'c', 'colon', 'comma', 'd', 'e', 'eight', 'f', 'four', 'g', 'h', 'hyphen', 'i', 'k', 'l', 'm', 'n', 'nine', 'o', 'odieresis', 'one', 'p', 'parenleft', 'parenright', 'period', 'r', 's', 'seven', 'six', 'space', 't', 'three', 'two', 'u', 'udieresis', 'v', 'w', 'z', 'zero']
2026-05-14 10:27:17,512 [INFO] Glyph IDs:   [0, 3, 11, 12, 15, 16, 17, 19, 20, 21, 22, 23, 25, 26, 27, 28, 29, 36, 37, 38, 39, 40, 41, 43, 47, 48, 49, 50, 51, 52, 53, 54, 56, 57, 61, 68, 69, 70, 71, 72, 73, 74, 75, 76, 78, 79, 80, 81, 82, 83, 85, 86, 87, 88, 89, 90, 93, 108, 124, 129, 189]
2026-05-14 10:27:17,512 [INFO] Closed glyph list over 'glyf': 62 glyphs after
2026-05-14 10:27:17,513 [INFO] Glyph names: ['.notdef', 'A', 'B', 'C', 'D', 'E', 'Euro', 'F', 'H', 'L', 'M', 'N', 'O', 'P', 'Q', 'R', 'S', 'U', 'V', 'Z', 'a', 'adieresis', 'b', 'c', 'colon', 'comma', 'd', 'dieresis', 'e', 'eight', 'f', 'four', 'g', 'h', 'hyphen', 'i', 'k', 'l', 'm', 'n', 'nine', 'o', 'odieresis', 'one', 'p', 'parenleft', 'parenright', 'period', 'r', 's', 'seven', 'six', 'space', 't', 'three', 'two', 'u', 'udieresis', 'v', 'w', 'z', 'zero']
2026-05-14 10:27:17,513 [INFO] Glyph IDs:   [0, 3, 11, 12, 15, 16, 17, 19, 20, 21, 22, 23, 25, 26, 27, 28, 29, 36, 37, 38, 39, 40, 41, 43, 47, 48, 49, 50, 51, 52, 53, 54, 56, 57, 61, 68, 69, 70, 71, 72, 73, 74, 75, 76, 78, 79, 80, 81, 82, 83, 85, 86, 87, 88, 89, 90, 93, 108, 124, 129, 143, 189]
2026-05-14 10:27:17,513 [DEBUG] Took 0.002s to close glyph list over 'glyf'
2026-05-14 10:27:17,516 [INFO] Retaining 62 glyphs
2026-05-14 10:27:17,517 [INFO] head subsetting not needed
2026-05-14 10:27:17,517 [INFO] hhea subsetting not needed
2026-05-14 10:27:17,517 [INFO] maxp subsetting not needed
2026-05-14 10:27:17,517 [INFO] OS/2 subsetting not needed
2026-05-14 10:27:17,517 [DEBUG] Reading 'hmtx' table from disk
2026-05-14 10:27:17,517 [DEBUG] Decompiling 'hmtx' table
2026-05-14 10:27:17,517 [DEBUG] Reading 'hhea' table from disk
2026-05-14 10:27:17,517 [DEBUG] Decompiling 'hhea' table
2026-05-14 10:27:17,521 [DEBUG] Took 0.004s to subset 'hmtx'
2026-05-14 10:27:17,521 [INFO] hmtx subsetted
2026-05-14 10:27:17,523 [DEBUG] Took 0.001s to subset 'cmap'
2026-05-14 10:27:17,523 [INFO] cmap subsetted
2026-05-14 10:27:17,523 [INFO] loca subsetting not needed
2026-05-14 10:27:17,523 [DEBUG] Took 0.000s to subset 'post'
2026-05-14 10:27:17,523 [INFO] post subsetted
2026-05-14 10:27:17,523 [INFO] gasp subsetting not needed
2026-05-14 10:27:17,523 [INFO] MERG NOT subset; don't know how to subset
2026-05-14 10:27:17,524 [INFO] meta NOT subset; don't know how to subset
2026-05-14 10:27:17,524 [DEBUG] Reading 'GDEF' table from disk
2026-05-14 10:27:17,524 [DEBUG] Decompiling 'GDEF' table
2026-05-14 10:27:17,527 [DEBUG] Took 0.003s to subset 'GDEF'
2026-05-14 10:27:17,528 [INFO] GDEF subsetted
2026-05-14 10:27:17,528 [INFO] name subsetting not needed
2026-05-14 10:27:17,530 [DEBUG] Took 0.001s to subset 'glyf'
2026-05-14 10:27:17,530 [INFO] glyf subsetted
2026-05-14 10:27:17,532 [DEBUG] Took 0.000s to subset GlyphOrder
2026-05-14 10:27:17,534 [DEBUG] Took 0.000s to prune 'head'
2026-05-14 10:27:17,536 [INFO] head pruned
2026-05-14 10:27:17,536 [DEBUG] Reading 'OS/2' table from disk
2026-05-14 10:27:17,536 [DEBUG] Decompiling 'OS/2' table
2026-05-14 10:27:17,538 [INFO] OS/2 Unicode ranges pruned: [0, 1, 31, 33, 63]
2026-05-14 10:27:17,538 [INFO] OS/2 CodePage ranges pruned: [0]
2026-05-14 10:27:17,539 [DEBUG] Took 0.001s to prune 'glyf'
2026-05-14 10:27:17,539 [INFO] glyf pruned
2026-05-14 10:27:17,539 [DEBUG] Took 0.000s to prune 'GDEF'
2026-05-14 10:27:17,539 [INFO] GDEF pruned
2026-05-14 10:27:17,540 [DEBUG] Reading 'name' table from disk
2026-05-14 10:27:17,540 [DEBUG] Decompiling 'name' table
2026-05-14 10:27:17,541 [DEBUG] Reading 'gasp' table from disk
2026-05-14 10:27:17,541 [DEBUG] Decompiling 'gasp' table
2026-05-14 10:27:17,541 [DEBUG] Reading 'MERG' table from disk
2026-05-14 10:27:17,541 [DEBUG] Decompiling 'MERG' table
2026-05-14 10:27:17,541 [DEBUG] Reading 'meta' table from disk
2026-05-14 10:27:17,541 [DEBUG] Decompiling 'meta' table
2026-05-14 10:27:17,542 [DEBUG] Took 0.002s to prune 'name'
2026-05-14 10:27:17,542 [INFO] name pruned
2026-05-14 10:27:17,559 [DEBUG] Reading 'maxp' table from disk
2026-05-14 10:27:17,559 [DEBUG] Decompiling 'maxp' table
2026-05-14 10:27:17,559 [DEBUG] Took 0.000s to load 'maxp'
2026-05-14 10:27:17,559 [DEBUG] Took 0.000s to prune 'maxp'
2026-05-14 10:27:17,559 [INFO] maxp pruned
2026-05-14 10:27:17,559 [INFO] LTSH dropped
2026-05-14 10:27:17,560 [INFO] VDMX dropped
2026-05-14 10:27:17,560 [INFO] hdmx dropped
2026-05-14 10:27:17,560 [DEBUG] Reading 'cmap' table from disk
2026-05-14 10:27:17,560 [DEBUG] Decompiling 'cmap' table
2026-05-14 10:27:17,560 [DEBUG] Took 0.000s to load 'cmap'
2026-05-14 10:27:17,560 [DEBUG] Took 0.000s to prune 'cmap'
2026-05-14 10:27:17,560 [INFO] cmap pruned
2026-05-14 10:27:17,560 [INFO] fpgm dropped
2026-05-14 10:27:17,561 [INFO] prep dropped
2026-05-14 10:27:17,561 [INFO] cvt  dropped
2026-05-14 10:27:17,561 [INFO] kern dropped
2026-05-14 10:27:17,561 [DEBUG] Reading 'post' table from disk
2026-05-14 10:27:17,561 [DEBUG] Decompiling 'post' table
2026-05-14 10:27:17,561 [DEBUG] Took 0.000s to load 'post'
2026-05-14 10:27:17,561 [DEBUG] Took 0.000s to prune 'post'
2026-05-14 10:27:17,561 [INFO] post pruned
2026-05-14 10:27:17,562 [INFO] GPOS dropped
2026-05-14 10:27:17,562 [INFO] GSUB dropped
2026-05-14 10:27:17,562 [DEBUG] Reading 'glyf' table from disk
2026-05-14 10:27:17,562 [DEBUG] Decompiling 'glyf' table
2026-05-14 10:27:17,562 [DEBUG] Reading 'loca' table from disk
2026-05-14 10:27:17,562 [DEBUG] Decompiling 'loca' table
2026-05-14 10:27:17,562 [DEBUG] Reading 'head' table from disk
2026-05-14 10:27:17,563 [DEBUG] Decompiling 'head' table
2026-05-14 10:27:17,566 [DEBUG] Reading 'cmap' table from disk
2026-05-14 10:27:17,566 [DEBUG] Decompiling 'cmap' table
2026-05-14 10:27:17,587 [DEBUG] Took 0.025s to load 'glyf'
2026-05-14 10:27:17,587 [DEBUG] Took 0.000s to prune 'glyf'
2026-05-14 10:27:17,587 [INFO] glyf pruned
2026-05-14 10:27:17,593 [DEBUG] Took 0.005s to close glyph list over 'cmap'
2026-05-14 10:27:17,593 [INFO] Added gid0 to subset
2026-05-14 10:27:17,594 [INFO] Closing glyph list over 'glyf': 70 glyphs before
2026-05-14 10:27:17,594 [INFO] Glyph names: ['.notdef', 'A', 'B', 'C', 'D', 'E', 'Euro', 'F', 'G', 'I', 'K', 'L', 'M', 'N', 'O', 'R', 'S', 'T', 'Udieresis', 'V', 'W', 'Z', 'a', 'at', 'b', 'c', 'colon', 'comma', 'd', 'e', 'eight', 'endash', 'f', 'five', 'four', 'g', 'germandbls', 'h', 'hyphen', 'i', 'k', 'l', 'm', 'n', 'nine', 'numbersign', 'o', 'one', 'p', 'parenleft', 'parenright', 'percent', 'period', 'periodcentered', 'plus', 'r', 's', 'seven', 'six', 'slash', 'space', 't', 'three', 'two', 'u', 'udieresis', 'v', 'w', 'z', 'zero']
2026-05-14 10:27:17,595 [INFO] Glyph IDs:   [0, 3, 6, 8, 11, 12, 14, 15, 16, 17, 18, 19, 20, 21, 22, 23, 24, 25, 26, 27, 28, 29, 35, 36, 37, 38, 39, 40, 41, 42, 44, 46, 47, 48, 49, 50, 53, 54, 55, 57, 58, 61, 68, 69, 70, 71, 72, 73, 74, 75, 76, 78, 79, 80, 81, 82, 83, 85, 86, 87, 88, 89, 90, 93, 104, 129, 137, 178, 189, 195]
2026-05-14 10:27:17,595 [INFO] Closed glyph list over 'glyf': 72 glyphs after
2026-05-14 10:27:17,595 [INFO] Glyph names: ['.notdef', 'A', 'B', 'C', 'D', 'E', 'Euro', 'F', 'G', 'I', 'K', 'L', 'M', 'N', 'O', 'R', 'S', 'T', 'U', 'Udieresis', 'V', 'W', 'Z', 'a', 'at', 'b', 'c', 'colon', 'comma', 'd', 'dieresis', 'e', 'eight', 'endash', 'f', 'five', 'four', 'g', 'germandbls', 'h', 'hyphen', 'i', 'k', 'l', 'm', 'n', 'nine', 'numbersign', 'o', 'one', 'p', 'parenleft', 'parenright', 'percent', 'period', 'periodcentered', 'plus', 'r', 's', 'seven', 'six', 'slash', 'space', 't', 'three', 'two', 'u', 'udieresis', 'v', 'w', 'z', 'zero']
2026-05-14 10:27:17,595 [INFO] Glyph IDs:   [0, 3, 6, 8, 11, 12, 14, 15, 16, 17, 18, 19, 20, 21, 22, 23, 24, 25, 26, 27, 28, 29, 35, 36, 37, 38, 39, 40, 41, 42, 44, 46, 47, 48, 49, 50, 53, 54, 55, 56, 57, 58, 61, 68, 69, 70, 71, 72, 73, 74, 75, 76, 78, 79, 80, 81, 82, 83, 85, 86, 87, 88, 89, 90, 93, 104, 129, 137, 143, 178, 189, 195]
2026-05-14 10:27:17,595 [DEBUG] Took 0.002s to close glyph list over 'glyf'
2026-05-14 10:27:17,599 [INFO] Retaining 72 glyphs
2026-05-14 10:27:17,599 [INFO] head subsetting not needed
2026-05-14 10:27:17,599 [INFO] hhea subsetting not needed
2026-05-14 10:27:17,599 [INFO] maxp subsetting not needed
2026-05-14 10:27:17,600 [INFO] OS/2 subsetting not needed
2026-05-14 10:27:17,600 [DEBUG] Reading 'hmtx' table from disk
2026-05-14 10:27:17,600 [DEBUG] Decompiling 'hmtx' table
2026-05-14 10:27:17,600 [DEBUG] Reading 'hhea' table from disk
2026-05-14 10:27:17,600 [DEBUG] Decompiling 'hhea' table
2026-05-14 10:27:17,604 [DEBUG] Took 0.004s to subset 'hmtx'
2026-05-14 10:27:17,604 [INFO] hmtx subsetted
2026-05-14 10:27:17,605 [DEBUG] Took 0.001s to subset 'cmap'
2026-05-14 10:27:17,605 [INFO] cmap subsetted
2026-05-14 10:27:17,605 [INFO] loca subsetting not needed
2026-05-14 10:27:17,605 [DEBUG] Took 0.000s to subset 'post'
2026-05-14 10:27:17,606 [INFO] post subsetted
2026-05-14 10:27:17,606 [INFO] gasp subsetting not needed
2026-05-14 10:27:17,606 [INFO] MERG NOT subset; don't know how to subset
2026-05-14 10:27:17,606 [INFO] meta NOT subset; don't know how to subset
2026-05-14 10:27:17,606 [DEBUG] Reading 'GDEF' table from disk
2026-05-14 10:27:17,606 [DEBUG] Decompiling 'GDEF' table
2026-05-14 10:27:17,610 [DEBUG] Took 0.003s to subset 'GDEF'
2026-05-14 10:27:17,610 [INFO] GDEF subsetted
2026-05-14 10:27:17,610 [INFO] name subsetting not needed
2026-05-14 10:27:17,611 [DEBUG] Took 0.001s to subset 'glyf'
2026-05-14 10:27:17,611 [INFO] glyf subsetted
2026-05-14 10:27:17,612 [DEBUG] Took 0.000s to subset GlyphOrder
2026-05-14 10:27:17,612 [DEBUG] Took 0.000s to prune 'head'
2026-05-14 10:27:17,612 [INFO] head pruned
2026-05-14 10:27:17,612 [DEBUG] Reading 'OS/2' table from disk
2026-05-14 10:27:17,612 [DEBUG] Decompiling 'OS/2' table
2026-05-14 10:27:17,612 [INFO] OS/2 Unicode ranges pruned: [0, 1, 31, 33, 63]
2026-05-14 10:27:17,613 [INFO] OS/2 CodePage ranges pruned: [0]
2026-05-14 10:27:17,613 [DEBUG] Took 0.001s to prune 'glyf'
2026-05-14 10:27:17,613 [INFO] glyf pruned
2026-05-14 10:27:17,614 [DEBUG] Took 0.000s to prune 'GDEF'
2026-05-14 10:27:17,614 [INFO] GDEF pruned
2026-05-14 10:27:17,614 [DEBUG] Reading 'name' table from disk
2026-05-14 10:27:17,614 [DEBUG] Decompiling 'name' table
2026-05-14 10:27:17,615 [DEBUG] Reading 'gasp' table from disk
2026-05-14 10:27:17,615 [DEBUG] Decompiling 'gasp' table
2026-05-14 10:27:17,615 [DEBUG] Reading 'MERG' table from disk
2026-05-14 10:27:17,615 [DEBUG] Decompiling 'MERG' table
2026-05-14 10:27:17,615 [DEBUG] Reading 'meta' table from disk
2026-05-14 10:27:17,616 [DEBUG] Decompiling 'meta' table
2026-05-14 10:27:17,616 [DEBUG] Took 0.002s to prune 'name'
2026-05-14 10:27:17,616 [INFO] name pruned
2026-05-14 10:27:17,634 [DEBUG] Reading 'maxp' table from disk
2026-05-14 10:27:17,634 [DEBUG] Decompiling 'maxp' table
2026-05-14 10:27:17,634 [DEBUG] Took 0.000s to load 'maxp'
2026-05-14 10:27:17,634 [DEBUG] Took 0.000s to prune 'maxp'
2026-05-14 10:27:17,634 [INFO] maxp pruned
2026-05-14 10:27:17,634 [INFO] LTSH dropped
2026-05-14 10:27:17,634 [INFO] VDMX dropped
2026-05-14 10:27:17,634 [INFO] hdmx dropped
2026-05-14 10:27:17,634 [DEBUG] Reading 'cmap' table from disk
2026-05-14 10:27:17,634 [DEBUG] Decompiling 'cmap' table
2026-05-14 10:27:17,635 [DEBUG] Took 0.000s to load 'cmap'
2026-05-14 10:27:17,635 [DEBUG] Took 0.000s to prune 'cmap'
2026-05-14 10:27:17,635 [INFO] cmap pruned
2026-05-14 10:27:17,635 [INFO] fpgm dropped
2026-05-14 10:27:17,635 [INFO] prep dropped
2026-05-14 10:27:17,635 [INFO] cvt  dropped
2026-05-14 10:27:17,635 [INFO] kern dropped
2026-05-14 10:27:17,635 [DEBUG] Reading 'post' table from disk
2026-05-14 10:27:17,635 [DEBUG] Decompiling 'post' table
2026-05-14 10:27:17,635 [DEBUG] Took 0.000s to load 'post'
2026-05-14 10:27:17,635 [DEBUG] Took 0.000s to prune 'post'
2026-05-14 10:27:17,635 [INFO] post pruned
2026-05-14 10:27:17,636 [INFO] GPOS dropped
2026-05-14 10:27:17,636 [INFO] GSUB dropped
2026-05-14 10:27:17,636 [DEBUG] Reading 'glyf' table from disk
2026-05-14 10:27:17,636 [DEBUG] Decompiling 'glyf' table
2026-05-14 10:27:17,636 [DEBUG] Reading 'loca' table from disk
2026-05-14 10:27:17,636 [DEBUG] Decompiling 'loca' table
2026-05-14 10:27:17,636 [DEBUG] Reading 'head' table from disk
2026-05-14 10:27:17,637 [DEBUG] Decompiling 'head' table
2026-05-14 10:27:17,639 [DEBUG] Reading 'cmap' table from disk
2026-05-14 10:27:17,639 [DEBUG] Decompiling 'cmap' table
2026-05-14 10:27:17,659 [DEBUG] Took 0.023s to load 'glyf'
2026-05-14 10:27:17,659 [DEBUG] Took 0.000s to prune 'glyf'
2026-05-14 10:27:17,659 [INFO] glyf pruned
2026-05-14 10:27:17,665 [DEBUG] Took 0.005s to close glyph list over 'cmap'
2026-05-14 10:27:17,665 [INFO] Added gid0 to subset
2026-05-14 10:27:17,665 [INFO] Closing glyph list over 'glyf': 34 glyphs before
2026-05-14 10:27:17,665 [INFO] Glyph names: ['.notdef', 'D', 'M', 'N', 'R', 'S', 'a', 'b', 'c', 'e', 'five', 'g', 'h', 'hyphen', 'i', 'l', 'm', 'n', 'nine', 'o', 'one', 'p', 'period', 'r', 's', 'six', 'space', 't', 'three', 'two', 'u', 'v', 'w', 'zero']
2026-05-14 10:27:17,666 [INFO] Glyph IDs:   [0, 3, 16, 17, 19, 20, 21, 22, 24, 25, 28, 39, 48, 49, 53, 54, 68, 69, 70, 72, 74, 75, 76, 79, 80, 81, 82, 83, 85, 86, 87, 88, 89, 90]
2026-05-14 10:27:17,666 [INFO] Closed glyph list over 'glyf': 34 glyphs after
2026-05-14 10:27:17,667 [INFO] Glyph names: ['.notdef', 'D', 'M', 'N', 'R', 'S', 'a', 'b', 'c', 'e', 'five', 'g', 'h', 'hyphen', 'i', 'l', 'm', 'n', 'nine', 'o', 'one', 'p', 'period', 'r', 's', 'six', 'space', 't', 'three', 'two', 'u', 'v', 'w', 'zero']
2026-05-14 10:27:17,667 [INFO] Glyph IDs:   [0, 3, 16, 17, 19, 20, 21, 22, 24, 25, 28, 39, 48, 49, 53, 54, 68, 69, 70, 72, 74, 75, 76, 79, 80, 81, 82, 83, 85, 86, 87, 88, 89, 90]
2026-05-14 10:27:17,667 [DEBUG] Took 0.002s to close glyph list over 'glyf'
2026-05-14 10:27:17,670 [INFO] Retaining 34 glyphs
2026-05-14 10:27:17,670 [INFO] head subsetting not needed
2026-05-14 10:27:17,670 [INFO] hhea subsetting not needed
2026-05-14 10:27:17,671 [INFO] maxp subsetting not needed
2026-05-14 10:27:17,671 [INFO] OS/2 subsetting not needed
2026-05-14 10:27:17,671 [DEBUG] Reading 'hmtx' table from disk
2026-05-14 10:27:17,671 [DEBUG] Decompiling 'hmtx' table
2026-05-14 10:27:17,671 [DEBUG] Reading 'hhea' table from disk
2026-05-14 10:27:17,671 [DEBUG] Decompiling 'hhea' table
2026-05-14 10:27:17,674 [DEBUG] Took 0.004s to subset 'hmtx'
2026-05-14 10:27:17,675 [INFO] hmtx subsetted
2026-05-14 10:27:17,676 [DEBUG] Took 0.001s to subset 'cmap'
2026-05-14 10:27:17,676 [INFO] cmap subsetted
2026-05-14 10:27:17,676 [INFO] loca subsetting not needed
2026-05-14 10:27:17,677 [DEBUG] Took 0.000s to subset 'post'
2026-05-14 10:27:17,677 [INFO] post subsetted
2026-05-14 10:27:17,677 [INFO] gasp subsetting not needed
2026-05-14 10:27:17,677 [INFO] MERG NOT subset; don't know how to subset
2026-05-14 10:27:17,677 [INFO] meta NOT subset; don't know how to subset
2026-05-14 10:27:17,677 [DEBUG] Reading 'GDEF' table from disk
2026-05-14 10:27:17,677 [DEBUG] Decompiling 'GDEF' table
2026-05-14 10:27:17,680 [DEBUG] Took 0.003s to subset 'GDEF'
2026-05-14 10:27:17,680 [INFO] GDEF subsetted
2026-05-14 10:27:17,680 [INFO] name subsetting not needed
2026-05-14 10:27:17,682 [DEBUG] Took 0.001s to subset 'glyf'
2026-05-14 10:27:17,682 [INFO] glyf subsetted
2026-05-14 10:27:17,682 [DEBUG] Took 0.000s to subset GlyphOrder
2026-05-14 10:27:17,683 [DEBUG] Took 0.000s to prune 'head'
2026-05-14 10:27:17,683 [INFO] head pruned
2026-05-14 10:27:17,683 [DEBUG] Reading 'OS/2' table from disk
2026-05-14 10:27:17,683 [DEBUG] Decompiling 'OS/2' table
2026-05-14 10:27:17,683 [INFO] OS/2 Unicode ranges pruned: [0, 31]
2026-05-14 10:27:17,683 [INFO] OS/2 CodePage ranges pruned: [0]
2026-05-14 10:27:17,684 [DEBUG] Took 0.000s to prune 'glyf'
2026-05-14 10:27:17,684 [INFO] glyf pruned
2026-05-14 10:27:17,684 [DEBUG] Took 0.000s to prune 'GDEF'
2026-05-14 10:27:17,684 [INFO] GDEF pruned
2026-05-14 10:27:17,685 [DEBUG] Reading 'name' table from disk
2026-05-14 10:27:17,685 [DEBUG] Decompiling 'name' table
2026-05-14 10:27:17,685 [DEBUG] Reading 'gasp' table from disk
2026-05-14 10:27:17,685 [DEBUG] Decompiling 'gasp' table
2026-05-14 10:27:17,685 [DEBUG] Reading 'MERG' table from disk
2026-05-14 10:27:17,686 [DEBUG] Decompiling 'MERG' table
2026-05-14 10:27:17,686 [DEBUG] Reading 'meta' table from disk
2026-05-14 10:27:17,686 [DEBUG] Decompiling 'meta' table
2026-05-14 10:27:17,686 [DEBUG] Took 0.001s to prune 'name'
2026-05-14 10:27:17,686 [INFO] name pruned
2026-05-14 10:32:38,971 [WARNING] Unknown rendering option: optimize_size.
2026-05-14 10:32:39,019 [ERROR] Failed to load stylesheet at file:///static/vendor/bootstrap/5.3.3/css/bootstrap.min.css: URLError: <urlopen error [WinError 3] Das System kann den angegebenen Pfad nicht finden: '\\static\\vendor\\bootstrap\\5.3.3\\css\\bootstrap.min.css'>
2026-05-14 10:32:39,020 [ERROR] Failed to load stylesheet at file:///static/vendor/bootstrap-icons/1.11.3/font/bootstrap-icons.min.css: URLError: <urlopen error [WinError 3] Das System kann den angegebenen Pfad nicht finden: '\\static\\vendor\\bootstrap-icons\\1.11.3\\font\\bootstrap-icons.min.css'>
2026-05-14 10:32:39,020 [ERROR] Failed to load stylesheet at file:///static/pwa/css/styles.css: URLError: <urlopen error [WinError 3] Das System kann den angegebenen Pfad nicht finden: '\\static\\pwa\\css\\styles.css'>
2026-05-14 10:32:39,025 [WARNING] Ignored `min-height: 100vh` at 46:7, invalid value.
2026-05-14 10:32:39,031 [WARNING] Expected a media type, got '(max-width: 992px)'
2026-05-14 10:32:39,031 [WARNING] Invalid media type ' (max-width: 992px) ' the whole @media rule was ignored at 128:5.
2026-05-14 10:32:39,040 [WARNING] Ignored `user-select: none` at 22:6, unknown property.
2026-05-14 10:32:39,041 [WARNING] Expected a media type, got '(min-width: 992px)'
2026-05-14 10:32:39,041 [WARNING] Invalid media type ' (min-width: 992px) ' the whole @media rule was ignored at 40:4.
2026-05-14 10:32:39,049 [WARNING] Ignored `box-shadow: 0 2px 10px rgba(0,0,0,0.07) ` at 8:5, unknown property.
2026-05-14 10:32:39,588 [DEBUG] Reading 'maxp' table from disk
2026-05-14 10:32:39,589 [DEBUG] Decompiling 'maxp' table
2026-05-14 10:32:39,589 [DEBUG] Took 0.000s to load 'maxp'
2026-05-14 10:32:39,589 [DEBUG] Took 0.000s to prune 'maxp'
2026-05-14 10:32:39,589 [INFO] maxp pruned
2026-05-14 10:32:39,589 [INFO] LTSH dropped
2026-05-14 10:32:39,589 [INFO] VDMX dropped
2026-05-14 10:32:39,589 [INFO] hdmx dropped
2026-05-14 10:32:39,589 [DEBUG] Reading 'cmap' table from disk
2026-05-14 10:32:39,589 [DEBUG] Decompiling 'cmap' table
2026-05-14 10:32:39,590 [DEBUG] Took 0.000s to load 'cmap'
2026-05-14 10:32:39,590 [DEBUG] Took 0.000s to prune 'cmap'
2026-05-14 10:32:39,590 [INFO] cmap pruned
2026-05-14 10:32:39,590 [INFO] fpgm dropped
2026-05-14 10:32:39,590 [INFO] prep dropped
2026-05-14 10:32:39,590 [INFO] cvt  dropped
2026-05-14 10:32:39,590 [INFO] kern dropped
2026-05-14 10:32:39,590 [DEBUG] Reading 'post' table from disk
2026-05-14 10:32:39,590 [DEBUG] Decompiling 'post' table
2026-05-14 10:32:39,590 [DEBUG] Took 0.000s to load 'post'
2026-05-14 10:32:39,590 [DEBUG] Took 0.000s to prune 'post'
2026-05-14 10:32:39,590 [INFO] post pruned
2026-05-14 10:32:39,591 [INFO] GPOS dropped
2026-05-14 10:32:39,591 [INFO] GSUB dropped
2026-05-14 10:32:39,591 [DEBUG] Reading 'glyf' table from disk
2026-05-14 10:32:39,591 [DEBUG] Decompiling 'glyf' table
2026-05-14 10:32:39,591 [DEBUG] Reading 'loca' table from disk
2026-05-14 10:32:39,591 [DEBUG] Decompiling 'loca' table
2026-05-14 10:32:39,592 [DEBUG] Reading 'head' table from disk
2026-05-14 10:32:39,592 [DEBUG] Decompiling 'head' table
2026-05-14 10:32:39,594 [DEBUG] Reading 'cmap' table from disk
2026-05-14 10:32:39,594 [DEBUG] Decompiling 'cmap' table
2026-05-14 10:32:39,615 [DEBUG] Took 0.024s to load 'glyf'
2026-05-14 10:32:39,615 [DEBUG] Took 0.000s to prune 'glyf'
2026-05-14 10:32:39,615 [INFO] glyf pruned
2026-05-14 10:32:39,621 [DEBUG] Took 0.005s to close glyph list over 'cmap'
2026-05-14 10:32:39,622 [INFO] Added gid0 to subset
2026-05-14 10:32:39,622 [INFO] Closing glyph list over 'glyf': 60 glyphs before
2026-05-14 10:32:39,622 [INFO] Glyph names: ['.notdef', 'A', 'B', 'C', 'D', 'E', 'Euro', 'F', 'H', 'L', 'M', 'N', 'O', 'P', 'Q', 'R', 'S', 'U', 'V', 'Z', 'a', 'adieresis', 'b', 'c', 'colon', 'comma', 'd', 'e', 'eight', 'f', 'four', 'g', 'h', 'hyphen', 'i', 'k', 'l', 'm', 'n', 'nine', 'o', 'odieresis', 'one', 'p', 'parenleft', 'parenright', 'period', 'r', 's', 'six', 'space', 't', 'three', 'two', 'u', 'udieresis', 'v', 'w', 'z', 'zero']
2026-05-14 10:32:39,623 [INFO] Glyph IDs:   [0, 3, 11, 12, 15, 16, 17, 19, 20, 21, 22, 23, 25, 27, 28, 29, 36, 37, 38, 39, 40, 41, 43, 47, 48, 49, 50, 51, 52, 53, 54, 56, 57, 61, 68, 69, 70, 71, 72, 73, 74, 75, 76, 78, 79, 80, 81, 82, 83, 85, 86, 87, 88, 89, 90, 93, 108, 124, 129, 189]
2026-05-14 10:32:39,623 [INFO] Closed glyph list over 'glyf': 61 glyphs after
2026-05-14 10:32:39,623 [INFO] Glyph names: ['.notdef', 'A', 'B', 'C', 'D', 'E', 'Euro', 'F', 'H', 'L', 'M', 'N', 'O', 'P', 'Q', 'R', 'S', 'U', 'V', 'Z', 'a', 'adieresis', 'b', 'c', 'colon', 'comma', 'd', 'dieresis', 'e', 'eight', 'f', 'four', 'g', 'h', 'hyphen', 'i', 'k', 'l', 'm', 'n', 'nine', 'o', 'odieresis', 'one', 'p', 'parenleft', 'parenright', 'period', 'r', 's', 'six', 'space', 't', 'three', 'two', 'u', 'udieresis', 'v', 'w', 'z', 'zero']
2026-05-14 10:32:39,623 [INFO] Glyph IDs:   [0, 3, 11, 12, 15, 16, 17, 19, 20, 21, 22, 23, 25, 27, 28, 29, 36, 37, 38, 39, 40, 41, 43, 47, 48, 49, 50, 51, 52, 53, 54, 56, 57, 61, 68, 69, 70, 71, 72, 73, 74, 75, 76, 78, 79, 80, 81, 82, 83, 85, 86, 87, 88, 89, 90, 93, 108, 124, 129, 143, 189]
2026-05-14 10:32:39,623 [DEBUG] Took 0.002s to close glyph list over 'glyf'
2026-05-14 10:32:39,628 [INFO] Retaining 61 glyphs
2026-05-14 10:32:39,629 [INFO] head subsetting not needed
2026-05-14 10:32:39,629 [INFO] hhea subsetting not needed
2026-05-14 10:32:39,629 [INFO] maxp subsetting not needed
2026-05-14 10:32:39,629 [INFO] OS/2 subsetting not needed
2026-05-14 10:32:39,629 [DEBUG] Reading 'hmtx' table from disk
2026-05-14 10:32:39,629 [DEBUG] Decompiling 'hmtx' table
2026-05-14 10:32:39,629 [DEBUG] Reading 'hhea' table from disk
2026-05-14 10:32:39,629 [DEBUG] Decompiling 'hhea' table
2026-05-14 10:32:39,633 [DEBUG] Took 0.004s to subset 'hmtx'
2026-05-14 10:32:39,633 [INFO] hmtx subsetted
2026-05-14 10:32:39,635 [DEBUG] Took 0.001s to subset 'cmap'
2026-05-14 10:32:39,635 [INFO] cmap subsetted
2026-05-14 10:32:39,635 [INFO] loca subsetting not needed
2026-05-14 10:32:39,635 [DEBUG] Took 0.000s to subset 'post'
2026-05-14 10:32:39,635 [INFO] post subsetted
2026-05-14 10:32:39,636 [INFO] gasp subsetting not needed
2026-05-14 10:32:39,636 [INFO] MERG NOT subset; don't know how to subset
2026-05-14 10:32:39,636 [INFO] meta NOT subset; don't know how to subset
2026-05-14 10:32:39,636 [DEBUG] Reading 'GDEF' table from disk
2026-05-14 10:32:39,636 [DEBUG] Decompiling 'GDEF' table
2026-05-14 10:32:39,640 [DEBUG] Took 0.004s to subset 'GDEF'
2026-05-14 10:32:39,640 [INFO] GDEF subsetted
2026-05-14 10:32:39,640 [INFO] name subsetting not needed
2026-05-14 10:32:39,643 [DEBUG] Took 0.003s to subset 'glyf'
2026-05-14 10:32:39,643 [INFO] glyf subsetted
2026-05-14 10:32:39,644 [DEBUG] Took 0.000s to subset GlyphOrder
2026-05-14 10:32:39,644 [DEBUG] Took 0.000s to prune 'head'
2026-05-14 10:32:39,644 [INFO] head pruned
2026-05-14 10:32:39,644 [DEBUG] Reading 'OS/2' table from disk
2026-05-14 10:32:39,644 [DEBUG] Decompiling 'OS/2' table
2026-05-14 10:32:39,645 [INFO] OS/2 Unicode ranges pruned: [0, 1, 31, 33, 63]
2026-05-14 10:32:39,645 [INFO] OS/2 CodePage ranges pruned: [0]
2026-05-14 10:32:39,646 [DEBUG] Took 0.001s to prune 'glyf'
2026-05-14 10:32:39,646 [INFO] glyf pruned
2026-05-14 10:32:39,646 [DEBUG] Took 0.000s to prune 'GDEF'
2026-05-14 10:32:39,646 [INFO] GDEF pruned
2026-05-14 10:32:39,646 [DEBUG] Reading 'name' table from disk
2026-05-14 10:32:39,647 [DEBUG] Decompiling 'name' table
2026-05-14 10:32:39,647 [DEBUG] Reading 'gasp' table from disk
2026-05-14 10:32:39,648 [DEBUG] Decompiling 'gasp' table
2026-05-14 10:32:39,648 [DEBUG] Reading 'MERG' table from disk
2026-05-14 10:32:39,648 [DEBUG] Decompiling 'MERG' table
2026-05-14 10:32:39,648 [DEBUG] Reading 'meta' table from disk
2026-05-14 10:32:39,648 [DEBUG] Decompiling 'meta' table
2026-05-14 10:32:39,648 [DEBUG] Took 0.002s to prune 'name'
2026-05-14 10:32:39,648 [INFO] name pruned
2026-05-14 10:32:39,664 [DEBUG] Reading 'maxp' table from disk
2026-05-14 10:32:39,664 [DEBUG] Decompiling 'maxp' table
2026-05-14 10:32:39,664 [DEBUG] Took 0.000s to load 'maxp'
2026-05-14 10:32:39,664 [DEBUG] Took 0.000s to prune 'maxp'
2026-05-14 10:32:39,664 [INFO] maxp pruned
2026-05-14 10:32:39,665 [INFO] LTSH dropped
2026-05-14 10:32:39,665 [INFO] VDMX dropped
2026-05-14 10:32:39,665 [INFO] hdmx dropped
2026-05-14 10:32:39,665 [DEBUG] Reading 'cmap' table from disk
2026-05-14 10:32:39,665 [DEBUG] Decompiling 'cmap' table
2026-05-14 10:32:39,665 [DEBUG] Took 0.000s to load 'cmap'
2026-05-14 10:32:39,665 [DEBUG] Took 0.000s to prune 'cmap'
2026-05-14 10:32:39,665 [INFO] cmap pruned
2026-05-14 10:32:39,665 [INFO] fpgm dropped
2026-05-14 10:32:39,665 [INFO] prep dropped
2026-05-14 10:32:39,665 [INFO] cvt  dropped
2026-05-14 10:32:39,665 [INFO] kern dropped
2026-05-14 10:32:39,666 [DEBUG] Reading 'post' table from disk
2026-05-14 10:32:39,666 [DEBUG] Decompiling 'post' table
2026-05-14 10:32:39,666 [DEBUG] Took 0.000s to load 'post'
2026-05-14 10:32:39,666 [DEBUG] Took 0.000s to prune 'post'
2026-05-14 10:32:39,666 [INFO] post pruned
2026-05-14 10:32:39,666 [INFO] GPOS dropped
2026-05-14 10:32:39,666 [INFO] GSUB dropped
2026-05-14 10:32:39,666 [DEBUG] Reading 'glyf' table from disk
2026-05-14 10:32:39,667 [DEBUG] Decompiling 'glyf' table
2026-05-14 10:32:39,667 [DEBUG] Reading 'loca' table from disk
2026-05-14 10:32:39,667 [DEBUG] Decompiling 'loca' table
2026-05-14 10:32:39,667 [DEBUG] Reading 'head' table from disk
2026-05-14 10:32:39,667 [DEBUG] Decompiling 'head' table
2026-05-14 10:32:39,670 [DEBUG] Reading 'cmap' table from disk
2026-05-14 10:32:39,670 [DEBUG] Decompiling 'cmap' table
2026-05-14 10:32:39,690 [DEBUG] Took 0.023s to load 'glyf'
2026-05-14 10:32:39,690 [DEBUG] Took 0.000s to prune 'glyf'
2026-05-14 10:32:39,691 [INFO] glyf pruned
2026-05-14 10:32:39,696 [DEBUG] Took 0.004s to close glyph list over 'cmap'
2026-05-14 10:32:39,696 [INFO] Added gid0 to subset
2026-05-14 10:32:39,696 [INFO] Closing glyph list over 'glyf': 72 glyphs before
2026-05-14 10:32:39,698 [INFO] Glyph names: ['.notdef', 'A', 'B', 'C', 'D', 'E', 'Euro', 'F', 'G', 'I', 'K', 'L', 'M', 'N', 'O', 'R', 'S', 'T', 'U', 'Udieresis', 'V', 'W', 'Z', 'a', 'at', 'b', 'c', 'colon', 'comma', 'd', 'e', 'eight', 'endash', 'f', 'five', 'four', 'g', 'germandbls', 'h', 'hyphen', 'i', 'k', 'l', 'm', 'n', 'nine', 'numbersign', 'o', 'odieresis', 'one', 'p', 'parenleft', 'parenright', 'percent', 'period', 'periodcentered', 'plus', 'r', 's', 'seven', 'six', 'slash', 'space', 't', 'three', 'two', 'u', 'udieresis', 'v', 'w', 'z', 'zero']
2026-05-14 10:32:39,699 [INFO] Glyph IDs:   [0, 3, 6, 8, 11, 12, 14, 15, 16, 17, 18, 19, 20, 21, 22, 23, 24, 25, 26, 27, 28, 29, 35, 36, 37, 38, 39, 40, 41, 42, 44, 46, 47, 48, 49, 50, 53, 54, 55, 56, 57, 58, 61, 68, 69, 70, 71, 72, 73, 74, 75, 76, 78, 79, 80, 81, 82, 83, 85, 86, 87, 88, 89, 90, 93, 104, 124, 129, 137, 178, 189, 195]
2026-05-14 10:32:39,701 [INFO] Closed glyph list over 'glyf': 73 glyphs after
2026-05-14 10:32:39,701 [INFO] Glyph names: ['.notdef', 'A', 'B', 'C', 'D', 'E', 'Euro', 'F', 'G', 'I', 'K', 'L', 'M', 'N', 'O', 'R', 'S', 'T', 'U', 'Udieresis', 'V', 'W', 'Z', 'a', 'at', 'b', 'c', 'colon', 'comma', 'd', 'dieresis', 'e', 'eight', 'endash', 'f', 'five', 'four', 'g', 'germandbls', 'h', 'hyphen', 'i', 'k', 'l', 'm', 'n', 'nine', 'numbersign', 'o', 'odieresis', 'one', 'p', 'parenleft', 'parenright', 'percent', 'period', 'periodcentered', 'plus', 'r', 's', 'seven', 'six', 'slash', 'space', 't', 'three', 'two', 'u', 'udieresis', 'v', 'w', 'z', 'zero']
2026-05-14 10:32:39,701 [INFO] Glyph IDs:   [0, 3, 6, 8, 11, 12, 14, 15, 16, 17, 18, 19, 20, 21, 22, 23, 24, 25, 26, 27, 28, 29, 35, 36, 37, 38, 39, 40, 41, 42, 44, 46, 47, 48, 49, 50, 53, 54, 55, 56, 57, 58, 61, 68, 69, 70, 71, 72, 73, 74, 75, 76, 78, 79, 80, 81, 82, 83, 85, 86, 87, 88, 89, 90, 93, 104, 124, 129, 137, 143, 178, 189, 195]
2026-05-14 10:32:39,701 [DEBUG] Took 0.005s to close glyph list over 'glyf'
2026-05-14 10:32:39,705 [INFO] Retaining 73 glyphs
2026-05-14 10:32:39,705 [INFO] head subsetting not needed
2026-05-14 10:32:39,705 [INFO] hhea subsetting not needed
2026-05-14 10:32:39,705 [INFO] maxp subsetting not needed
2026-05-14 10:32:39,707 [INFO] OS/2 subsetting not needed
2026-05-14 10:32:39,707 [DEBUG] Reading 'hmtx' table from disk
2026-05-14 10:32:39,707 [DEBUG] Decompiling 'hmtx' table
2026-05-14 10:32:39,707 [DEBUG] Reading 'hhea' table from disk
2026-05-14 10:32:39,707 [DEBUG] Decompiling 'hhea' table
2026-05-14 10:32:39,712 [DEBUG] Took 0.005s to subset 'hmtx'
2026-05-14 10:32:39,712 [INFO] hmtx subsetted
2026-05-14 10:32:39,714 [DEBUG] Took 0.001s to subset 'cmap'
2026-05-14 10:32:39,714 [INFO] cmap subsetted
2026-05-14 10:32:39,714 [INFO] loca subsetting not needed
2026-05-14 10:32:39,714 [DEBUG] Took 0.000s to subset 'post'
2026-05-14 10:32:39,714 [INFO] post subsetted
2026-05-14 10:32:39,715 [INFO] gasp subsetting not needed
2026-05-14 10:32:39,715 [INFO] MERG NOT subset; don't know how to subset
2026-05-14 10:32:39,715 [INFO] meta NOT subset; don't know how to subset
2026-05-14 10:32:39,716 [DEBUG] Reading 'GDEF' table from disk
2026-05-14 10:32:39,716 [DEBUG] Decompiling 'GDEF' table
2026-05-14 10:32:39,719 [DEBUG] Took 0.004s to subset 'GDEF'
2026-05-14 10:32:39,720 [INFO] GDEF subsetted
2026-05-14 10:32:39,720 [INFO] name subsetting not needed
2026-05-14 10:32:39,722 [DEBUG] Took 0.001s to subset 'glyf'
2026-05-14 10:32:39,722 [INFO] glyf subsetted
2026-05-14 10:32:39,722 [DEBUG] Took 0.000s to subset GlyphOrder
2026-05-14 10:32:39,723 [DEBUG] Took 0.000s to prune 'head'
2026-05-14 10:32:39,723 [INFO] head pruned
2026-05-14 10:32:39,723 [DEBUG] Reading 'OS/2' table from disk
2026-05-14 10:32:39,723 [DEBUG] Decompiling 'OS/2' table
2026-05-14 10:32:39,724 [INFO] OS/2 Unicode ranges pruned: [0, 1, 31, 33, 63]
2026-05-14 10:32:39,724 [INFO] OS/2 CodePage ranges pruned: [0]
2026-05-14 10:32:39,725 [DEBUG] Took 0.001s to prune 'glyf'
2026-05-14 10:32:39,725 [INFO] glyf pruned
2026-05-14 10:32:39,727 [DEBUG] Took 0.000s to prune 'GDEF'
2026-05-14 10:32:39,727 [INFO] GDEF pruned
2026-05-14 10:32:39,728 [DEBUG] Reading 'name' table from disk
2026-05-14 10:32:39,729 [DEBUG] Decompiling 'name' table
2026-05-14 10:32:39,729 [DEBUG] Reading 'gasp' table from disk
2026-05-14 10:32:39,730 [DEBUG] Decompiling 'gasp' table
2026-05-14 10:32:39,730 [DEBUG] Reading 'MERG' table from disk
2026-05-14 10:32:39,730 [DEBUG] Decompiling 'MERG' table
2026-05-14 10:32:39,730 [DEBUG] Reading 'meta' table from disk
2026-05-14 10:32:39,731 [DEBUG] Decompiling 'meta' table
2026-05-14 10:32:39,731 [DEBUG] Took 0.002s to prune 'name'
2026-05-14 10:32:39,731 [INFO] name pruned
2026-05-14 10:32:39,749 [DEBUG] Reading 'maxp' table from disk
2026-05-14 10:32:39,750 [DEBUG] Decompiling 'maxp' table
2026-05-14 10:32:39,750 [DEBUG] Took 0.000s to load 'maxp'
2026-05-14 10:32:39,750 [DEBUG] Took 0.000s to prune 'maxp'
2026-05-14 10:32:39,750 [INFO] maxp pruned
2026-05-14 10:32:39,750 [INFO] LTSH dropped
2026-05-14 10:32:39,750 [INFO] VDMX dropped
2026-05-14 10:32:39,750 [INFO] hdmx dropped
2026-05-14 10:32:39,750 [DEBUG] Reading 'cmap' table from disk
2026-05-14 10:32:39,750 [DEBUG] Decompiling 'cmap' table
2026-05-14 10:32:39,750 [DEBUG] Took 0.000s to load 'cmap'
2026-05-14 10:32:39,751 [DEBUG] Took 0.000s to prune 'cmap'
2026-05-14 10:32:39,751 [INFO] cmap pruned
2026-05-14 10:32:39,751 [INFO] fpgm dropped
2026-05-14 10:32:39,751 [INFO] prep dropped
2026-05-14 10:32:39,751 [INFO] cvt  dropped
2026-05-14 10:32:39,751 [INFO] kern dropped
2026-05-14 10:32:39,751 [DEBUG] Reading 'post' table from disk
2026-05-14 10:32:39,751 [DEBUG] Decompiling 'post' table
2026-05-14 10:32:39,751 [DEBUG] Took 0.000s to load 'post'
2026-05-14 10:32:39,751 [DEBUG] Took 0.000s to prune 'post'
2026-05-14 10:32:39,751 [INFO] post pruned
2026-05-14 10:32:39,752 [INFO] GPOS dropped
2026-05-14 10:32:39,752 [INFO] GSUB dropped
2026-05-14 10:32:39,752 [DEBUG] Reading 'glyf' table from disk
2026-05-14 10:32:39,752 [DEBUG] Decompiling 'glyf' table
2026-05-14 10:32:39,752 [DEBUG] Reading 'loca' table from disk
2026-05-14 10:32:39,752 [DEBUG] Decompiling 'loca' table
2026-05-14 10:32:39,752 [DEBUG] Reading 'head' table from disk
2026-05-14 10:32:39,752 [DEBUG] Decompiling 'head' table
2026-05-14 10:32:39,755 [DEBUG] Reading 'cmap' table from disk
2026-05-14 10:32:39,755 [DEBUG] Decompiling 'cmap' table
2026-05-14 10:32:39,775 [DEBUG] Took 0.023s to load 'glyf'
2026-05-14 10:32:39,775 [DEBUG] Took 0.000s to prune 'glyf'
2026-05-14 10:32:39,776 [INFO] glyf pruned
2026-05-14 10:32:39,781 [DEBUG] Took 0.004s to close glyph list over 'cmap'
2026-05-14 10:32:39,781 [INFO] Added gid0 to subset
2026-05-14 10:32:39,781 [INFO] Closing glyph list over 'glyf': 34 glyphs before
2026-05-14 10:32:39,781 [INFO] Glyph names: ['.notdef', 'M', 'N', 'R', 'S', 'U', 'V', 'b', 'c', 'e', 'five', 'g', 'h', 'hyphen', 'i', 'l', 'm', 'n', 'nine', 'o', 'one', 'p', 'period', 'r', 's', 'six', 'space', 't', 'three', 'two', 'u', 'v', 'w', 'zero']
2026-05-14 10:32:39,782 [INFO] Glyph IDs:   [0, 3, 16, 17, 19, 20, 21, 22, 24, 25, 28, 48, 49, 53, 54, 56, 57, 69, 70, 72, 74, 75, 76, 79, 80, 81, 82, 83, 85, 86, 87, 88, 89, 90]
2026-05-14 10:32:39,783 [INFO] Closed glyph list over 'glyf': 34 glyphs after
2026-05-14 10:32:39,783 [INFO] Glyph names: ['.notdef', 'M', 'N', 'R', 'S', 'U', 'V', 'b', 'c', 'e', 'five', 'g', 'h', 'hyphen', 'i', 'l', 'm', 'n', 'nine', 'o', 'one', 'p', 'period', 'r', 's', 'six', 'space', 't', 'three', 'two', 'u', 'v', 'w', 'zero']
2026-05-14 10:32:39,783 [INFO] Glyph IDs:   [0, 3, 16, 17, 19, 20, 21, 22, 24, 25, 28, 48, 49, 53, 54, 56, 57, 69, 70, 72, 74, 75, 76, 79, 80, 81, 82, 83, 85, 86, 87, 88, 89, 90]
2026-05-14 10:32:39,783 [DEBUG] Took 0.002s to close glyph list over 'glyf'
2026-05-14 10:32:39,786 [INFO] Retaining 34 glyphs
2026-05-14 10:32:39,787 [INFO] head subsetting not needed
2026-05-14 10:32:39,787 [INFO] hhea subsetting not needed
2026-05-14 10:32:39,787 [INFO] maxp subsetting not needed
2026-05-14 10:32:39,787 [INFO] OS/2 subsetting not needed
2026-05-14 10:32:39,787 [DEBUG] Reading 'hmtx' table from disk
2026-05-14 10:32:39,787 [DEBUG] Decompiling 'hmtx' table
2026-05-14 10:32:39,787 [DEBUG] Reading 'hhea' table from disk
2026-05-14 10:32:39,787 [DEBUG] Decompiling 'hhea' table
2026-05-14 10:32:39,791 [DEBUG] Took 0.004s to subset 'hmtx'
2026-05-14 10:32:39,791 [INFO] hmtx subsetted
2026-05-14 10:32:39,792 [DEBUG] Took 0.001s to subset 'cmap'
2026-05-14 10:32:39,792 [INFO] cmap subsetted
2026-05-14 10:32:39,792 [INFO] loca subsetting not needed
2026-05-14 10:32:39,792 [DEBUG] Took 0.000s to subset 'post'
2026-05-14 10:32:39,793 [INFO] post subsetted
2026-05-14 10:32:39,793 [INFO] gasp subsetting not needed
2026-05-14 10:32:39,793 [INFO] MERG NOT subset; don't know how to subset
2026-05-14 10:32:39,793 [INFO] meta NOT subset; don't know how to subset
2026-05-14 10:32:39,793 [DEBUG] Reading 'GDEF' table from disk
2026-05-14 10:32:39,794 [DEBUG] Decompiling 'GDEF' table
2026-05-14 10:32:39,796 [DEBUG] Took 0.003s to subset 'GDEF'
2026-05-14 10:32:39,797 [INFO] GDEF subsetted
2026-05-14 10:32:39,797 [INFO] name subsetting not needed
2026-05-14 10:32:39,798 [DEBUG] Took 0.002s to subset 'glyf'
2026-05-14 10:32:39,799 [INFO] glyf subsetted
2026-05-14 10:32:39,799 [DEBUG] Took 0.000s to subset GlyphOrder
2026-05-14 10:32:39,799 [DEBUG] Took 0.000s to prune 'head'
2026-05-14 10:32:39,799 [INFO] head pruned
2026-05-14 10:32:39,799 [DEBUG] Reading 'OS/2' table from disk
2026-05-14 10:32:39,799 [DEBUG] Decompiling 'OS/2' table
2026-05-14 10:32:39,800 [INFO] OS/2 Unicode ranges pruned: [0, 31]
2026-05-14 10:32:39,800 [INFO] OS/2 CodePage ranges pruned: [0]
2026-05-14 10:32:39,801 [DEBUG] Took 0.000s to prune 'glyf'
2026-05-14 10:32:39,801 [INFO] glyf pruned
2026-05-14 10:32:39,801 [DEBUG] Took 0.000s to prune 'GDEF'
2026-05-14 10:32:39,801 [INFO] GDEF pruned
2026-05-14 10:32:39,801 [DEBUG] Reading 'name' table from disk
2026-05-14 10:32:39,801 [DEBUG] Decompiling 'name' table
2026-05-14 10:32:39,802 [DEBUG] Reading 'gasp' table from disk
2026-05-14 10:32:39,802 [DEBUG] Decompiling 'gasp' table
2026-05-14 10:32:39,802 [DEBUG] Reading 'MERG' table from disk
2026-05-14 10:32:39,802 [DEBUG] Decompiling 'MERG' table
2026-05-14 10:32:39,802 [DEBUG] Reading 'meta' table from disk
2026-05-14 10:32:39,802 [DEBUG] Decompiling 'meta' table
2026-05-14 10:32:39,803 [DEBUG] Took 0.001s to prune 'name'
2026-05-14 10:32:39,803 [INFO] name pruned
2026-05-14 10:32:40,889 [ERROR] E-Mail Versand fehlgeschlagen (Invoice 25): SMTP-Server hat den Empfänger abgelehnt: {'promo.uwevoigt@t-online': (550, b'Requested action not taken: mailbox unavailable\ninvalid DNS MX or A/AAAA resource record 1MIKs0-1wZb6Z1Aw8-00GjD8'), 'de': (501, b'Syntax error in parameters or arguments')}
Traceback (most recent call last):
  File "C:\manifest_fallschirm\app\services\mailer_service.py", line 163, in _smtp_send
    refused = server.send_message(msg, from_addr=envelope_from)
  File "C:\Users\Uhlmann\AppData\Local\Programs\Python\Python314\Lib\smtplib.py", line 987, in send_message
    return self.sendmail(from_addr, to_addrs, flatmsg, mail_options,
           ~~~~~~~~~~~~~^^^^^^^^^^^^^^^^^^^^^^^^^^^^^^^^^^^^^^^^^^^^
                         rcpt_options)
                         ^^^^^^^^^^^^^
  File "C:\Users\Uhlmann\AppData\Local\Programs\Python\Python314\Lib\smtplib.py", line 902, in sendmail
    raise SMTPRecipientsRefused(senderrs)
smtplib.SMTPRecipientsRefused: {'promo.uwevoigt@t-online': (550, b'Requested action not taken: mailbox unavailable\ninvalid DNS MX or A/AAAA resource record 1MIKs0-1wZb6Z1Aw8-00GjD8'), 'de': (501, b'Syntax error in parameters or arguments')}

The above exception was the direct cause of the following exception:

Traceback (most recent call last):
  File "C:\manifest_fallschirm\app\routes\billing.py", line 1414, in _send_invoice_email_async
    audit_meta = MailerService.send_invoice_email(
        to_email=to_email,
    ...<4 lines>...
        billing_config=billing_config,
    )
  File "C:\manifest_fallschirm\app\services\mailer_service.py", line 576, in send_invoice_email
    return _try_smtp_with_sender_candidates(
        connect_host=host_candidate,
        smtp_host_for_tls=host_candidate,
        smtp_port=smtp_port,
    )
  File "C:\manifest_fallschirm\app\services\mailer_service.py", line 534, in _try_smtp_with_sender_candidates
    _smtp_send(
    ~~~~~~~~~~^
        connect_host=connect_host,
        ^^^^^^^^^^^^^^^^^^^^^^^^^^
    ...<4 lines>...
        envelope_from=sender_value,
        ^^^^^^^^^^^^^^^^^^^^^^^^^^^
    )
    ^
  File "C:\manifest_fallschirm\app\services\mailer_service.py", line 174, in _smtp_send
    raise RuntimeError(
        f"SMTP-Server hat den Empfänger abgelehnt: {exc.recipients}"
    ) from exc
RuntimeError: SMTP-Server hat den Empfänger abgelehnt: {'promo.uwevoigt@t-online': (550, b'Requested action not taken: mailbox unavailable\ninvalid DNS MX or A/AAAA resource record 1MIKs0-1wZb6Z1Aw8-00GjD8'), 'de': (501, b'Syntax error in parameters or arguments')}
2026-05-14 10:32:41,004 [ERROR] Email send failed for invoice 25: SMTP-Server hat den Empfänger abgelehnt: {'promo.uwevoigt@t-online': (550, b'Requested action not taken: mailbox unavailable\ninvalid DNS MX or A/AAAA resource record 1MIKs0-1wZb6Z1Aw8-00GjD8'), 'de': (501, b'Syntax error in parameters or arguments')}
2026-05-14 10:34:14,890 [WARNING] Unknown rendering option: optimize_size.
2026-05-14 10:34:15,428 [ERROR] Failed to load stylesheet at file:///static/vendor/bootstrap/5.3.3/css/bootstrap.min.css: URLError: <urlopen error [WinError 3] Das System kann den angegebenen Pfad nicht finden: '\\static\\vendor\\bootstrap\\5.3.3\\css\\bootstrap.min.css'>
2026-05-14 10:34:15,430 [ERROR] Failed to load stylesheet at file:///static/vendor/bootstrap-icons/1.11.3/font/bootstrap-icons.min.css: URLError: <urlopen error [WinError 3] Das System kann den angegebenen Pfad nicht finden: '\\static\\vendor\\bootstrap-icons\\1.11.3\\font\\bootstrap-icons.min.css'>
2026-05-14 10:34:15,431 [ERROR] Failed to load stylesheet at file:///static/pwa/css/styles.css: URLError: <urlopen error [WinError 3] Das System kann den angegebenen Pfad nicht finden: '\\static\\pwa\\css\\styles.css'>
2026-05-14 10:34:15,434 [WARNING] Ignored `min-height: 100vh` at 46:7, invalid value.
2026-05-14 10:34:15,440 [WARNING] Expected a media type, got '(max-width: 992px)'
2026-05-14 10:34:15,440 [WARNING] Invalid media type ' (max-width: 992px) ' the whole @media rule was ignored at 128:5.
2026-05-14 10:34:15,446 [WARNING] Ignored `user-select: none` at 22:6, unknown property.
2026-05-14 10:34:15,447 [WARNING] Expected a media type, got '(min-width: 992px)'
2026-05-14 10:34:15,447 [WARNING] Invalid media type ' (min-width: 992px) ' the whole @media rule was ignored at 40:4.
2026-05-14 10:34:15,457 [WARNING] Ignored `box-shadow: 0 2px 10px rgba(0,0,0,0.07) ` at 8:5, unknown property.
2026-05-14 10:34:15,974 [DEBUG] Reading 'maxp' table from disk
2026-05-14 10:34:15,974 [DEBUG] Decompiling 'maxp' table
2026-05-14 10:34:15,974 [DEBUG] Took 0.000s to load 'maxp'
2026-05-14 10:34:15,975 [DEBUG] Took 0.000s to prune 'maxp'
2026-05-14 10:34:15,975 [INFO] maxp pruned
2026-05-14 10:34:15,975 [INFO] LTSH dropped
2026-05-14 10:34:15,975 [INFO] VDMX dropped
2026-05-14 10:34:15,975 [INFO] hdmx dropped
2026-05-14 10:34:15,975 [DEBUG] Reading 'cmap' table from disk
2026-05-14 10:34:15,975 [DEBUG] Decompiling 'cmap' table
2026-05-14 10:34:15,975 [DEBUG] Took 0.000s to load 'cmap'
2026-05-14 10:34:15,975 [DEBUG] Took 0.000s to prune 'cmap'
2026-05-14 10:34:15,975 [INFO] cmap pruned
2026-05-14 10:34:15,975 [INFO] fpgm dropped
2026-05-14 10:34:15,976 [INFO] prep dropped
2026-05-14 10:34:15,976 [INFO] cvt  dropped
2026-05-14 10:34:15,976 [INFO] kern dropped
2026-05-14 10:34:15,976 [DEBUG] Reading 'post' table from disk
2026-05-14 10:34:15,976 [DEBUG] Decompiling 'post' table
2026-05-14 10:34:15,976 [DEBUG] Took 0.000s to load 'post'
2026-05-14 10:34:15,976 [DEBUG] Took 0.000s to prune 'post'
2026-05-14 10:34:15,976 [INFO] post pruned
2026-05-14 10:34:15,977 [INFO] GPOS dropped
2026-05-14 10:34:15,977 [INFO] GSUB dropped
2026-05-14 10:34:15,977 [DEBUG] Reading 'glyf' table from disk
2026-05-14 10:34:15,977 [DEBUG] Decompiling 'glyf' table
2026-05-14 10:34:15,977 [DEBUG] Reading 'loca' table from disk
2026-05-14 10:34:15,977 [DEBUG] Decompiling 'loca' table
2026-05-14 10:34:15,977 [DEBUG] Reading 'head' table from disk
2026-05-14 10:34:15,977 [DEBUG] Decompiling 'head' table
2026-05-14 10:34:15,980 [DEBUG] Reading 'cmap' table from disk
2026-05-14 10:34:15,980 [DEBUG] Decompiling 'cmap' table
2026-05-14 10:34:16,001 [DEBUG] Took 0.024s to load 'glyf'
2026-05-14 10:34:16,001 [DEBUG] Took 0.000s to prune 'glyf'
2026-05-14 10:34:16,001 [INFO] glyf pruned
2026-05-14 10:34:16,007 [DEBUG] Took 0.005s to close glyph list over 'cmap'
2026-05-14 10:34:16,007 [INFO] Added gid0 to subset
2026-05-14 10:34:16,008 [INFO] Closing glyph list over 'glyf': 60 glyphs before
2026-05-14 10:34:16,008 [INFO] Glyph names: ['.notdef', 'A', 'B', 'C', 'D', 'E', 'Euro', 'F', 'H', 'L', 'M', 'N', 'O', 'P', 'Q', 'R', 'S', 'U', 'V', 'Z', 'a', 'adieresis', 'b', 'c', 'colon', 'comma', 'd', 'e', 'eight', 'f', 'four', 'g', 'h', 'hyphen', 'i', 'k', 'l', 'm', 'n', 'nine', 'o', 'odieresis', 'one', 'p', 'parenleft', 'parenright', 'period', 'r', 's', 'six', 'space', 't', 'three', 'two', 'u', 'udieresis', 'v', 'w', 'z', 'zero']
2026-05-14 10:34:16,009 [INFO] Glyph IDs:   [0, 3, 11, 12, 15, 16, 17, 19, 20, 21, 22, 23, 25, 27, 28, 29, 36, 37, 38, 39, 40, 41, 43, 47, 48, 49, 50, 51, 52, 53, 54, 56, 57, 61, 68, 69, 70, 71, 72, 73, 74, 75, 76, 78, 79, 80, 81, 82, 83, 85, 86, 87, 88, 89, 90, 93, 108, 124, 129, 189]
2026-05-14 10:34:16,009 [INFO] Closed glyph list over 'glyf': 61 glyphs after
2026-05-14 10:34:16,009 [INFO] Glyph names: ['.notdef', 'A', 'B', 'C', 'D', 'E', 'Euro', 'F', 'H', 'L', 'M', 'N', 'O', 'P', 'Q', 'R', 'S', 'U', 'V', 'Z', 'a', 'adieresis', 'b', 'c', 'colon', 'comma', 'd', 'dieresis', 'e', 'eight', 'f', 'four', 'g', 'h', 'hyphen', 'i', 'k', 'l', 'm', 'n', 'nine', 'o', 'odieresis', 'one', 'p', 'parenleft', 'parenright', 'period', 'r', 's', 'six', 'space', 't', 'three', 'two', 'u', 'udieresis', 'v', 'w', 'z', 'zero']
2026-05-14 10:34:16,009 [INFO] Glyph IDs:   [0, 3, 11, 12, 15, 16, 17, 19, 20, 21, 22, 23, 25, 27, 28, 29, 36, 37, 38, 39, 40, 41, 43, 47, 48, 49, 50, 51, 52, 53, 54, 56, 57, 61, 68, 69, 70, 71, 72, 73, 74, 75, 76, 78, 79, 80, 81, 82, 83, 85, 86, 87, 88, 89, 90, 93, 108, 124, 129, 143, 189]
2026-05-14 10:34:16,009 [DEBUG] Took 0.002s to close glyph list over 'glyf'
2026-05-14 10:34:16,013 [INFO] Retaining 61 glyphs
2026-05-14 10:34:16,013 [INFO] head subsetting not needed
2026-05-14 10:34:16,013 [INFO] hhea subsetting not needed
2026-05-14 10:34:16,013 [INFO] maxp subsetting not needed
2026-05-14 10:34:16,013 [INFO] OS/2 subsetting not needed
2026-05-14 10:34:16,014 [DEBUG] Reading 'hmtx' table from disk
2026-05-14 10:34:16,014 [DEBUG] Decompiling 'hmtx' table
2026-05-14 10:34:16,014 [DEBUG] Reading 'hhea' table from disk
2026-05-14 10:34:16,014 [DEBUG] Decompiling 'hhea' table
2026-05-14 10:34:16,018 [DEBUG] Took 0.004s to subset 'hmtx'
2026-05-14 10:34:16,018 [INFO] hmtx subsetted
2026-05-14 10:34:16,019 [DEBUG] Took 0.001s to subset 'cmap'
2026-05-14 10:34:16,019 [INFO] cmap subsetted
2026-05-14 10:34:16,019 [INFO] loca subsetting not needed
2026-05-14 10:34:16,019 [DEBUG] Took 0.000s to subset 'post'
2026-05-14 10:34:16,019 [INFO] post subsetted
2026-05-14 10:34:16,019 [INFO] gasp subsetting not needed
2026-05-14 10:34:16,020 [INFO] MERG NOT subset; don't know how to subset
2026-05-14 10:34:16,020 [INFO] meta NOT subset; don't know how to subset
2026-05-14 10:34:16,020 [DEBUG] Reading 'GDEF' table from disk
2026-05-14 10:34:16,020 [DEBUG] Decompiling 'GDEF' table
2026-05-14 10:34:16,024 [DEBUG] Took 0.004s to subset 'GDEF'
2026-05-14 10:34:16,024 [INFO] GDEF subsetted
2026-05-14 10:34:16,024 [INFO] name subsetting not needed
2026-05-14 10:34:16,026 [DEBUG] Took 0.001s to subset 'glyf'
2026-05-14 10:34:16,026 [INFO] glyf subsetted
2026-05-14 10:34:16,026 [DEBUG] Took 0.000s to subset GlyphOrder
2026-05-14 10:34:16,026 [DEBUG] Took 0.000s to prune 'head'
2026-05-14 10:34:16,026 [INFO] head pruned
2026-05-14 10:34:16,026 [DEBUG] Reading 'OS/2' table from disk
2026-05-14 10:34:16,027 [DEBUG] Decompiling 'OS/2' table
2026-05-14 10:34:16,027 [INFO] OS/2 Unicode ranges pruned: [0, 1, 31, 33, 63]
2026-05-14 10:34:16,027 [INFO] OS/2 CodePage ranges pruned: [0]
2026-05-14 10:34:16,028 [DEBUG] Took 0.001s to prune 'glyf'
2026-05-14 10:34:16,028 [INFO] glyf pruned
2026-05-14 10:34:16,028 [DEBUG] Took 0.000s to prune 'GDEF'
2026-05-14 10:34:16,028 [INFO] GDEF pruned
2026-05-14 10:34:16,029 [DEBUG] Reading 'name' table from disk
2026-05-14 10:34:16,029 [DEBUG] Decompiling 'name' table
2026-05-14 10:34:16,030 [DEBUG] Reading 'gasp' table from disk
2026-05-14 10:34:16,030 [DEBUG] Decompiling 'gasp' table
2026-05-14 10:34:16,030 [DEBUG] Reading 'MERG' table from disk
2026-05-14 10:34:16,030 [DEBUG] Decompiling 'MERG' table
2026-05-14 10:34:16,030 [DEBUG] Reading 'meta' table from disk
2026-05-14 10:34:16,030 [DEBUG] Decompiling 'meta' table
2026-05-14 10:34:16,030 [DEBUG] Took 0.002s to prune 'name'
2026-05-14 10:34:16,031 [INFO] name pruned
2026-05-14 10:34:16,047 [DEBUG] Reading 'maxp' table from disk
2026-05-14 10:34:16,047 [DEBUG] Decompiling 'maxp' table
2026-05-14 10:34:16,047 [DEBUG] Took 0.000s to load 'maxp'
2026-05-14 10:34:16,047 [DEBUG] Took 0.000s to prune 'maxp'
2026-05-14 10:34:16,047 [INFO] maxp pruned
2026-05-14 10:34:16,047 [INFO] LTSH dropped
2026-05-14 10:34:16,048 [INFO] VDMX dropped
2026-05-14 10:34:16,048 [INFO] hdmx dropped
2026-05-14 10:34:16,048 [DEBUG] Reading 'cmap' table from disk
2026-05-14 10:34:16,048 [DEBUG] Decompiling 'cmap' table
2026-05-14 10:34:16,048 [DEBUG] Took 0.000s to load 'cmap'
2026-05-14 10:34:16,048 [DEBUG] Took 0.000s to prune 'cmap'
2026-05-14 10:34:16,048 [INFO] cmap pruned
2026-05-14 10:34:16,048 [INFO] fpgm dropped
2026-05-14 10:34:16,048 [INFO] prep dropped
2026-05-14 10:34:16,048 [INFO] cvt  dropped
2026-05-14 10:34:16,048 [INFO] kern dropped
2026-05-14 10:34:16,048 [DEBUG] Reading 'post' table from disk
2026-05-14 10:34:16,049 [DEBUG] Decompiling 'post' table
2026-05-14 10:34:16,049 [DEBUG] Took 0.000s to load 'post'
2026-05-14 10:34:16,049 [DEBUG] Took 0.000s to prune 'post'
2026-05-14 10:34:16,049 [INFO] post pruned
2026-05-14 10:34:16,049 [INFO] GPOS dropped
2026-05-14 10:34:16,049 [INFO] GSUB dropped
2026-05-14 10:34:16,049 [DEBUG] Reading 'glyf' table from disk
2026-05-14 10:34:16,050 [DEBUG] Decompiling 'glyf' table
2026-05-14 10:34:16,050 [DEBUG] Reading 'loca' table from disk
2026-05-14 10:34:16,050 [DEBUG] Decompiling 'loca' table
2026-05-14 10:34:16,050 [DEBUG] Reading 'head' table from disk
2026-05-14 10:34:16,050 [DEBUG] Decompiling 'head' table
2026-05-14 10:34:16,052 [DEBUG] Reading 'cmap' table from disk
2026-05-14 10:34:16,052 [DEBUG] Decompiling 'cmap' table
2026-05-14 10:34:16,074 [DEBUG] Took 0.025s to load 'glyf'
2026-05-14 10:34:16,075 [DEBUG] Took 0.000s to prune 'glyf'
2026-05-14 10:34:16,075 [INFO] glyf pruned
2026-05-14 10:34:16,080 [DEBUG] Took 0.005s to close glyph list over 'cmap'
2026-05-14 10:34:16,080 [INFO] Added gid0 to subset
2026-05-14 10:34:16,081 [INFO] Closing glyph list over 'glyf': 72 glyphs before
2026-05-14 10:34:16,081 [INFO] Glyph names: ['.notdef', 'A', 'B', 'C', 'D', 'E', 'Euro', 'F', 'G', 'I', 'K', 'L', 'M', 'N', 'O', 'R', 'S', 'T', 'U', 'Udieresis', 'V', 'W', 'Z', 'a', 'at', 'b', 'c', 'colon', 'comma', 'd', 'e', 'eight', 'endash', 'f', 'five', 'four', 'g', 'germandbls', 'h', 'hyphen', 'i', 'k', 'l', 'm', 'n', 'nine', 'numbersign', 'o', 'odieresis', 'one', 'p', 'parenleft', 'parenright', 'percent', 'period', 'periodcentered', 'plus', 'r', 's', 'seven', 'six', 'slash', 'space', 't', 'three', 'two', 'u', 'udieresis', 'v', 'w', 'z', 'zero']
2026-05-14 10:34:16,082 [INFO] Glyph IDs:   [0, 3, 6, 8, 11, 12, 14, 15, 16, 17, 18, 19, 20, 21, 22, 23, 24, 25, 26, 27, 28, 29, 35, 36, 37, 38, 39, 40, 41, 42, 44, 46, 47, 48, 49, 50, 53, 54, 55, 56, 57, 58, 61, 68, 69, 70, 71, 72, 73, 74, 75, 76, 78, 79, 80, 81, 82, 83, 85, 86, 87, 88, 89, 90, 93, 104, 124, 129, 137, 178, 189, 195]
2026-05-14 10:34:16,082 [INFO] Closed glyph list over 'glyf': 73 glyphs after
2026-05-14 10:34:16,082 [INFO] Glyph names: ['.notdef', 'A', 'B', 'C', 'D', 'E', 'Euro', 'F', 'G', 'I', 'K', 'L', 'M', 'N', 'O', 'R', 'S', 'T', 'U', 'Udieresis', 'V', 'W', 'Z', 'a', 'at', 'b', 'c', 'colon', 'comma', 'd', 'dieresis', 'e', 'eight', 'endash', 'f', 'five', 'four', 'g', 'germandbls', 'h', 'hyphen', 'i', 'k', 'l', 'm', 'n', 'nine', 'numbersign', 'o', 'odieresis', 'one', 'p', 'parenleft', 'parenright', 'percent', 'period', 'periodcentered', 'plus', 'r', 's', 'seven', 'six', 'slash', 'space', 't', 'three', 'two', 'u', 'udieresis', 'v', 'w', 'z', 'zero']
2026-05-14 10:34:16,082 [INFO] Glyph IDs:   [0, 3, 6, 8, 11, 12, 14, 15, 16, 17, 18, 19, 20, 21, 22, 23, 24, 25, 26, 27, 28, 29, 35, 36, 37, 38, 39, 40, 41, 42, 44, 46, 47, 48, 49, 50, 53, 54, 55, 56, 57, 58, 61, 68, 69, 70, 71, 72, 73, 74, 75, 76, 78, 79, 80, 81, 82, 83, 85, 86, 87, 88, 89, 90, 93, 104, 124, 129, 137, 143, 178, 189, 195]
2026-05-14 10:34:16,082 [DEBUG] Took 0.002s to close glyph list over 'glyf'
2026-05-14 10:34:16,086 [INFO] Retaining 73 glyphs
2026-05-14 10:34:16,086 [INFO] head subsetting not needed
2026-05-14 10:34:16,086 [INFO] hhea subsetting not needed
2026-05-14 10:34:16,087 [INFO] maxp subsetting not needed
2026-05-14 10:34:16,087 [INFO] OS/2 subsetting not needed
2026-05-14 10:34:16,087 [DEBUG] Reading 'hmtx' table from disk
2026-05-14 10:34:16,087 [DEBUG] Decompiling 'hmtx' table
2026-05-14 10:34:16,087 [DEBUG] Reading 'hhea' table from disk
2026-05-14 10:34:16,088 [DEBUG] Decompiling 'hhea' table
2026-05-14 10:34:16,091 [DEBUG] Took 0.004s to subset 'hmtx'
2026-05-14 10:34:16,091 [INFO] hmtx subsetted
2026-05-14 10:34:16,093 [DEBUG] Took 0.001s to subset 'cmap'
2026-05-14 10:34:16,093 [INFO] cmap subsetted
2026-05-14 10:34:16,093 [INFO] loca subsetting not needed
2026-05-14 10:34:16,093 [DEBUG] Took 0.000s to subset 'post'
2026-05-14 10:34:16,093 [INFO] post subsetted
2026-05-14 10:34:16,093 [INFO] gasp subsetting not needed
2026-05-14 10:34:16,093 [INFO] MERG NOT subset; don't know how to subset
2026-05-14 10:34:16,094 [INFO] meta NOT subset; don't know how to subset
2026-05-14 10:34:16,094 [DEBUG] Reading 'GDEF' table from disk
2026-05-14 10:34:16,094 [DEBUG] Decompiling 'GDEF' table
2026-05-14 10:34:16,097 [DEBUG] Took 0.003s to subset 'GDEF'
2026-05-14 10:34:16,097 [INFO] GDEF subsetted
2026-05-14 10:34:16,097 [INFO] name subsetting not needed
2026-05-14 10:34:16,099 [DEBUG] Took 0.001s to subset 'glyf'
2026-05-14 10:34:16,099 [INFO] glyf subsetted
2026-05-14 10:34:16,099 [DEBUG] Took 0.000s to subset GlyphOrder
2026-05-14 10:34:16,099 [DEBUG] Took 0.000s to prune 'head'
2026-05-14 10:34:16,099 [INFO] head pruned
2026-05-14 10:34:16,100 [DEBUG] Reading 'OS/2' table from disk
2026-05-14 10:34:16,100 [DEBUG] Decompiling 'OS/2' table
2026-05-14 10:34:16,100 [INFO] OS/2 Unicode ranges pruned: [0, 1, 31, 33, 63]
2026-05-14 10:34:16,100 [INFO] OS/2 CodePage ranges pruned: [0]
2026-05-14 10:34:16,101 [DEBUG] Took 0.001s to prune 'glyf'
2026-05-14 10:34:16,101 [INFO] glyf pruned
2026-05-14 10:34:16,101 [DEBUG] Took 0.000s to prune 'GDEF'
2026-05-14 10:34:16,101 [INFO] GDEF pruned
2026-05-14 10:34:16,102 [DEBUG] Reading 'name' table from disk
2026-05-14 10:34:16,102 [DEBUG] Decompiling 'name' table
2026-05-14 10:34:16,103 [DEBUG] Reading 'gasp' table from disk
2026-05-14 10:34:16,103 [DEBUG] Decompiling 'gasp' table
2026-05-14 10:34:16,103 [DEBUG] Reading 'MERG' table from disk
2026-05-14 10:34:16,103 [DEBUG] Decompiling 'MERG' table
2026-05-14 10:34:16,103 [DEBUG] Reading 'meta' table from disk
2026-05-14 10:34:16,103 [DEBUG] Decompiling 'meta' table
2026-05-14 10:34:16,104 [DEBUG] Took 0.002s to prune 'name'
2026-05-14 10:34:16,104 [INFO] name pruned
2026-05-14 10:34:16,121 [DEBUG] Reading 'maxp' table from disk
2026-05-14 10:34:16,122 [DEBUG] Decompiling 'maxp' table
2026-05-14 10:34:16,122 [DEBUG] Took 0.000s to load 'maxp'
2026-05-14 10:34:16,122 [DEBUG] Took 0.000s to prune 'maxp'
2026-05-14 10:34:16,122 [INFO] maxp pruned
2026-05-14 10:34:16,122 [INFO] LTSH dropped
2026-05-14 10:34:16,122 [INFO] VDMX dropped
2026-05-14 10:34:16,122 [INFO] hdmx dropped
2026-05-14 10:34:16,122 [DEBUG] Reading 'cmap' table from disk
2026-05-14 10:34:16,122 [DEBUG] Decompiling 'cmap' table
2026-05-14 10:34:16,123 [DEBUG] Took 0.000s to load 'cmap'
2026-05-14 10:34:16,123 [DEBUG] Took 0.000s to prune 'cmap'
2026-05-14 10:34:16,123 [INFO] cmap pruned
2026-05-14 10:34:16,123 [INFO] fpgm dropped
2026-05-14 10:34:16,123 [INFO] prep dropped
2026-05-14 10:34:16,123 [INFO] cvt  dropped
2026-05-14 10:34:16,123 [INFO] kern dropped
2026-05-14 10:34:16,123 [DEBUG] Reading 'post' table from disk
2026-05-14 10:34:16,123 [DEBUG] Decompiling 'post' table
2026-05-14 10:34:16,123 [DEBUG] Took 0.000s to load 'post'
2026-05-14 10:34:16,123 [DEBUG] Took 0.000s to prune 'post'
2026-05-14 10:34:16,123 [INFO] post pruned
2026-05-14 10:34:16,124 [INFO] GPOS dropped
2026-05-14 10:34:16,124 [INFO] GSUB dropped
2026-05-14 10:34:16,124 [DEBUG] Reading 'glyf' table from disk
2026-05-14 10:34:16,124 [DEBUG] Decompiling 'glyf' table
2026-05-14 10:34:16,124 [DEBUG] Reading 'loca' table from disk
2026-05-14 10:34:16,124 [DEBUG] Decompiling 'loca' table
2026-05-14 10:34:16,124 [DEBUG] Reading 'head' table from disk
2026-05-14 10:34:16,124 [DEBUG] Decompiling 'head' table
2026-05-14 10:34:16,127 [DEBUG] Reading 'cmap' table from disk
2026-05-14 10:34:16,127 [DEBUG] Decompiling 'cmap' table
2026-05-14 10:34:16,147 [DEBUG] Took 0.023s to load 'glyf'
2026-05-14 10:34:16,147 [DEBUG] Took 0.000s to prune 'glyf'
2026-05-14 10:34:16,147 [INFO] glyf pruned
2026-05-14 10:34:16,153 [DEBUG] Took 0.005s to close glyph list over 'cmap'
2026-05-14 10:34:16,153 [INFO] Added gid0 to subset
2026-05-14 10:34:16,153 [INFO] Closing glyph list over 'glyf': 34 glyphs before
2026-05-14 10:34:16,154 [INFO] Glyph names: ['.notdef', 'M', 'N', 'R', 'S', 'U', 'V', 'b', 'c', 'e', 'five', 'g', 'h', 'hyphen', 'i', 'l', 'm', 'n', 'nine', 'o', 'one', 'p', 'period', 'r', 's', 'six', 'space', 't', 'three', 'two', 'u', 'v', 'w', 'zero']
2026-05-14 10:34:16,155 [INFO] Glyph IDs:   [0, 3, 16, 17, 19, 20, 21, 22, 24, 25, 28, 48, 49, 53, 54, 56, 57, 69, 70, 72, 74, 75, 76, 79, 80, 81, 82, 83, 85, 86, 87, 88, 89, 90]
2026-05-14 10:34:16,155 [INFO] Closed glyph list over 'glyf': 34 glyphs after
2026-05-14 10:34:16,155 [INFO] Glyph names: ['.notdef', 'M', 'N', 'R', 'S', 'U', 'V', 'b', 'c', 'e', 'five', 'g', 'h', 'hyphen', 'i', 'l', 'm', 'n', 'nine', 'o', 'one', 'p', 'period', 'r', 's', 'six', 'space', 't', 'three', 'two', 'u', 'v', 'w', 'zero']
2026-05-14 10:34:16,155 [INFO] Glyph IDs:   [0, 3, 16, 17, 19, 20, 21, 22, 24, 25, 28, 48, 49, 53, 54, 56, 57, 69, 70, 72, 74, 75, 76, 79, 80, 81, 82, 83, 85, 86, 87, 88, 89, 90]
2026-05-14 10:34:16,156 [DEBUG] Took 0.002s to close glyph list over 'glyf'
2026-05-14 10:34:16,159 [INFO] Retaining 34 glyphs
2026-05-14 10:34:16,159 [INFO] head subsetting not needed
2026-05-14 10:34:16,159 [INFO] hhea subsetting not needed
2026-05-14 10:34:16,159 [INFO] maxp subsetting not needed
2026-05-14 10:34:16,159 [INFO] OS/2 subsetting not needed
2026-05-14 10:34:16,159 [DEBUG] Reading 'hmtx' table from disk
2026-05-14 10:34:16,160 [DEBUG] Decompiling 'hmtx' table
2026-05-14 10:34:16,160 [DEBUG] Reading 'hhea' table from disk
2026-05-14 10:34:16,160 [DEBUG] Decompiling 'hhea' table
2026-05-14 10:34:16,163 [DEBUG] Took 0.004s to subset 'hmtx'
2026-05-14 10:34:16,163 [INFO] hmtx subsetted
2026-05-14 10:34:16,165 [DEBUG] Took 0.001s to subset 'cmap'
2026-05-14 10:34:16,165 [INFO] cmap subsetted
2026-05-14 10:34:16,165 [INFO] loca subsetting not needed
2026-05-14 10:34:16,165 [DEBUG] Took 0.000s to subset 'post'
2026-05-14 10:34:16,165 [INFO] post subsetted
2026-05-14 10:34:16,165 [INFO] gasp subsetting not needed
2026-05-14 10:34:16,165 [INFO] MERG NOT subset; don't know how to subset
2026-05-14 10:34:16,166 [INFO] meta NOT subset; don't know how to subset
2026-05-14 10:34:16,166 [DEBUG] Reading 'GDEF' table from disk
2026-05-14 10:34:16,166 [DEBUG] Decompiling 'GDEF' table
2026-05-14 10:34:16,169 [DEBUG] Took 0.003s to subset 'GDEF'
2026-05-14 10:34:16,169 [INFO] GDEF subsetted
2026-05-14 10:34:16,169 [INFO] name subsetting not needed
2026-05-14 10:34:16,171 [DEBUG] Took 0.002s to subset 'glyf'
2026-05-14 10:34:16,172 [INFO] glyf subsetted
2026-05-14 10:34:16,172 [DEBUG] Took 0.000s to subset GlyphOrder
2026-05-14 10:34:16,172 [DEBUG] Took 0.000s to prune 'head'
2026-05-14 10:34:16,172 [INFO] head pruned
2026-05-14 10:34:16,172 [DEBUG] Reading 'OS/2' table from disk
2026-05-14 10:34:16,172 [DEBUG] Decompiling 'OS/2' table
2026-05-14 10:34:16,173 [INFO] OS/2 Unicode ranges pruned: [0, 31]
2026-05-14 10:34:16,173 [INFO] OS/2 CodePage ranges pruned: [0]
2026-05-14 10:34:16,173 [DEBUG] Took 0.000s to prune 'glyf'
2026-05-14 10:34:16,174 [INFO] glyf pruned
2026-05-14 10:34:16,174 [DEBUG] Took 0.000s to prune 'GDEF'
2026-05-14 10:34:16,174 [INFO] GDEF pruned
2026-05-14 10:34:16,174 [DEBUG] Reading 'name' table from disk
2026-05-14 10:34:16,174 [DEBUG] Decompiling 'name' table
2026-05-14 10:34:16,175 [DEBUG] Reading 'gasp' table from disk
2026-05-14 10:34:16,175 [DEBUG] Decompiling 'gasp' table
2026-05-14 10:34:16,175 [DEBUG] Reading 'MERG' table from disk
2026-05-14 10:34:16,175 [DEBUG] Decompiling 'MERG' table
2026-05-14 10:34:16,175 [DEBUG] Reading 'meta' table from disk
2026-05-14 10:34:16,175 [DEBUG] Decompiling 'meta' table
2026-05-14 10:34:16,176 [DEBUG] Took 0.001s to prune 'name'
2026-05-14 10:34:16,176 [INFO] name pruned
2026-05-14 10:34:34,333 [WARNING] Unknown rendering option: optimize_size.
2026-05-14 10:34:34,368 [ERROR] Failed to load stylesheet at file:///static/vendor/bootstrap/5.3.3/css/bootstrap.min.css: URLError: <urlopen error [WinError 3] Das System kann den angegebenen Pfad nicht finden: '\\static\\vendor\\bootstrap\\5.3.3\\css\\bootstrap.min.css'>
2026-05-14 10:34:34,369 [ERROR] Failed to load stylesheet at file:///static/vendor/bootstrap-icons/1.11.3/font/bootstrap-icons.min.css: URLError: <urlopen error [WinError 3] Das System kann den angegebenen Pfad nicht finden: '\\static\\vendor\\bootstrap-icons\\1.11.3\\font\\bootstrap-icons.min.css'>
2026-05-14 10:34:34,369 [ERROR] Failed to load stylesheet at file:///static/pwa/css/styles.css: URLError: <urlopen error [WinError 3] Das System kann den angegebenen Pfad nicht finden: '\\static\\pwa\\css\\styles.css'>
2026-05-14 10:34:34,373 [WARNING] Ignored `min-height: 100vh` at 46:7, invalid value.
2026-05-14 10:34:34,377 [WARNING] Expected a media type, got '(max-width: 992px)'
2026-05-14 10:34:34,378 [WARNING] Invalid media type ' (max-width: 992px) ' the whole @media rule was ignored at 128:5.
2026-05-14 10:34:34,384 [WARNING] Ignored `user-select: none` at 22:6, unknown property.
2026-05-14 10:34:34,385 [WARNING] Expected a media type, got '(min-width: 992px)'
2026-05-14 10:34:34,386 [WARNING] Invalid media type ' (min-width: 992px) ' the whole @media rule was ignored at 40:4.
2026-05-14 10:34:34,394 [WARNING] Ignored `box-shadow: 0 2px 10px rgba(0,0,0,0.07) ` at 8:5, unknown property.
2026-05-14 10:34:34,903 [DEBUG] Reading 'maxp' table from disk
2026-05-14 10:34:34,903 [DEBUG] Decompiling 'maxp' table
2026-05-14 10:34:34,903 [DEBUG] Took 0.000s to load 'maxp'
2026-05-14 10:34:34,903 [DEBUG] Took 0.000s to prune 'maxp'
2026-05-14 10:34:34,903 [INFO] maxp pruned
2026-05-14 10:34:34,903 [INFO] LTSH dropped
2026-05-14 10:34:34,903 [INFO] VDMX dropped
2026-05-14 10:34:34,903 [INFO] hdmx dropped
2026-05-14 10:34:34,903 [DEBUG] Reading 'cmap' table from disk
2026-05-14 10:34:34,904 [DEBUG] Decompiling 'cmap' table
2026-05-14 10:34:34,904 [DEBUG] Took 0.000s to load 'cmap'
2026-05-14 10:34:34,904 [DEBUG] Took 0.000s to prune 'cmap'
2026-05-14 10:34:34,904 [INFO] cmap pruned
2026-05-14 10:34:34,904 [INFO] fpgm dropped
2026-05-14 10:34:34,904 [INFO] prep dropped
2026-05-14 10:34:34,904 [INFO] cvt  dropped
2026-05-14 10:34:34,904 [INFO] kern dropped
2026-05-14 10:34:34,904 [DEBUG] Reading 'post' table from disk
2026-05-14 10:34:34,904 [DEBUG] Decompiling 'post' table
2026-05-14 10:34:34,904 [DEBUG] Took 0.000s to load 'post'
2026-05-14 10:34:34,904 [DEBUG] Took 0.000s to prune 'post'
2026-05-14 10:34:34,904 [INFO] post pruned
2026-05-14 10:34:34,905 [INFO] GPOS dropped
2026-05-14 10:34:34,905 [INFO] GSUB dropped
2026-05-14 10:34:34,905 [DEBUG] Reading 'glyf' table from disk
2026-05-14 10:34:34,906 [DEBUG] Decompiling 'glyf' table
2026-05-14 10:34:34,906 [DEBUG] Reading 'loca' table from disk
2026-05-14 10:34:34,906 [DEBUG] Decompiling 'loca' table
2026-05-14 10:34:34,906 [DEBUG] Reading 'head' table from disk
2026-05-14 10:34:34,906 [DEBUG] Decompiling 'head' table
2026-05-14 10:34:34,909 [DEBUG] Reading 'cmap' table from disk
2026-05-14 10:34:34,909 [DEBUG] Decompiling 'cmap' table
2026-05-14 10:34:34,930 [DEBUG] Took 0.025s to load 'glyf'
2026-05-14 10:34:34,930 [DEBUG] Took 0.000s to prune 'glyf'
2026-05-14 10:34:34,931 [INFO] glyf pruned
2026-05-14 10:34:34,937 [DEBUG] Took 0.005s to close glyph list over 'cmap'
2026-05-14 10:34:34,937 [INFO] Added gid0 to subset
2026-05-14 10:34:34,937 [INFO] Closing glyph list over 'glyf': 63 glyphs before
2026-05-14 10:34:34,937 [INFO] Glyph names: ['.notdef', 'A', 'B', 'C', 'D', 'E', 'Euro', 'F', 'G', 'H', 'L', 'M', 'N', 'O', 'P', 'Q', 'R', 'S', 'U', 'Udieresis', 'V', 'Z', 'a', 'adieresis', 'b', 'c', 'colon', 'comma', 'd', 'e', 'eight', 'f', 'four', 'g', 'h', 'hyphen', 'i', 'k', 'l', 'm', 'n', 'nine', 'o', 'odieresis', 'one', 'p', 'parenleft', 'parenright', 'period', 'r', 's', 'seven', 'six', 'space', 't', 'three', 'two', 'u', 'udieresis', 'v', 'w', 'z', 'zero']
2026-05-14 10:34:34,938 [INFO] Glyph IDs:   [0, 3, 11, 12, 15, 16, 17, 19, 20, 21, 22, 23, 25, 26, 27, 28, 29, 36, 37, 38, 39, 40, 41, 42, 43, 47, 48, 49, 50, 51, 52, 53, 54, 56, 57, 61, 68, 69, 70, 71, 72, 73, 74, 75, 76, 78, 79, 80, 81, 82, 83, 85, 86, 87, 88, 89, 90, 93, 104, 108, 124, 129, 189]
2026-05-14 10:34:34,938 [INFO] Closed glyph list over 'glyf': 64 glyphs after
2026-05-14 10:34:34,938 [INFO] Glyph names: ['.notdef', 'A', 'B', 'C', 'D', 'E', 'Euro', 'F', 'G', 'H', 'L', 'M', 'N', 'O', 'P', 'Q', 'R', 'S', 'U', 'Udieresis', 'V', 'Z', 'a', 'adieresis', 'b', 'c', 'colon', 'comma', 'd', 'dieresis', 'e', 'eight', 'f', 'four', 'g', 'h', 'hyphen', 'i', 'k', 'l', 'm', 'n', 'nine', 'o', 'odieresis', 'one', 'p', 'parenleft', 'parenright', 'period', 'r', 's', 'seven', 'six', 'space', 't', 'three', 'two', 'u', 'udieresis', 'v', 'w', 'z', 'zero']
2026-05-14 10:34:34,939 [INFO] Glyph IDs:   [0, 3, 11, 12, 15, 16, 17, 19, 20, 21, 22, 23, 25, 26, 27, 28, 29, 36, 37, 38, 39, 40, 41, 42, 43, 47, 48, 49, 50, 51, 52, 53, 54, 56, 57, 61, 68, 69, 70, 71, 72, 73, 74, 75, 76, 78, 79, 80, 81, 82, 83, 85, 86, 87, 88, 89, 90, 93, 104, 108, 124, 129, 143, 189]
2026-05-14 10:34:34,939 [DEBUG] Took 0.002s to close glyph list over 'glyf'
2026-05-14 10:34:34,942 [INFO] Retaining 64 glyphs
2026-05-14 10:34:34,943 [INFO] head subsetting not needed
2026-05-14 10:34:34,943 [INFO] hhea subsetting not needed
2026-05-14 10:34:34,943 [INFO] maxp subsetting not needed
2026-05-14 10:34:34,943 [INFO] OS/2 subsetting not needed
2026-05-14 10:34:34,943 [DEBUG] Reading 'hmtx' table from disk
2026-05-14 10:34:34,943 [DEBUG] Decompiling 'hmtx' table
2026-05-14 10:34:34,943 [DEBUG] Reading 'hhea' table from disk
2026-05-14 10:34:34,943 [DEBUG] Decompiling 'hhea' table
2026-05-14 10:34:34,947 [DEBUG] Took 0.004s to subset 'hmtx'
2026-05-14 10:34:34,948 [INFO] hmtx subsetted
2026-05-14 10:34:34,949 [DEBUG] Took 0.001s to subset 'cmap'
2026-05-14 10:34:34,949 [INFO] cmap subsetted
2026-05-14 10:34:34,949 [INFO] loca subsetting not needed
2026-05-14 10:34:34,950 [DEBUG] Took 0.000s to subset 'post'
2026-05-14 10:34:34,950 [INFO] post subsetted
2026-05-14 10:34:34,950 [INFO] gasp subsetting not needed
2026-05-14 10:34:34,950 [INFO] MERG NOT subset; don't know how to subset
2026-05-14 10:34:34,950 [INFO] meta NOT subset; don't know how to subset
2026-05-14 10:34:34,950 [DEBUG] Reading 'GDEF' table from disk
2026-05-14 10:34:34,950 [DEBUG] Decompiling 'GDEF' table
2026-05-14 10:34:34,954 [DEBUG] Took 0.004s to subset 'GDEF'
2026-05-14 10:34:34,954 [INFO] GDEF subsetted
2026-05-14 10:34:34,954 [INFO] name subsetting not needed
2026-05-14 10:34:34,956 [DEBUG] Took 0.001s to subset 'glyf'
2026-05-14 10:34:34,956 [INFO] glyf subsetted
2026-05-14 10:34:34,956 [DEBUG] Took 0.000s to subset GlyphOrder
2026-05-14 10:34:34,956 [DEBUG] Took 0.000s to prune 'head'
2026-05-14 10:34:34,956 [INFO] head pruned
2026-05-14 10:34:34,957 [DEBUG] Reading 'OS/2' table from disk
2026-05-14 10:34:34,957 [DEBUG] Decompiling 'OS/2' table
2026-05-14 10:34:34,957 [INFO] OS/2 Unicode ranges pruned: [0, 1, 31, 33, 63]
2026-05-14 10:34:34,957 [INFO] OS/2 CodePage ranges pruned: [0]
2026-05-14 10:34:34,958 [DEBUG] Took 0.001s to prune 'glyf'
2026-05-14 10:34:34,958 [INFO] glyf pruned
2026-05-14 10:34:34,958 [DEBUG] Took 0.000s to prune 'GDEF'
2026-05-14 10:34:34,959 [INFO] GDEF pruned
2026-05-14 10:34:34,959 [DEBUG] Reading 'name' table from disk
2026-05-14 10:34:34,959 [DEBUG] Decompiling 'name' table
2026-05-14 10:34:34,960 [DEBUG] Reading 'gasp' table from disk
2026-05-14 10:34:34,960 [DEBUG] Decompiling 'gasp' table
2026-05-14 10:34:34,960 [DEBUG] Reading 'MERG' table from disk
2026-05-14 10:34:34,960 [DEBUG] Decompiling 'MERG' table
2026-05-14 10:34:34,960 [DEBUG] Reading 'meta' table from disk
2026-05-14 10:34:34,961 [DEBUG] Decompiling 'meta' table
2026-05-14 10:34:34,961 [DEBUG] Took 0.002s to prune 'name'
2026-05-14 10:34:34,961 [INFO] name pruned
2026-05-14 10:34:34,977 [DEBUG] Reading 'maxp' table from disk
2026-05-14 10:34:34,977 [DEBUG] Decompiling 'maxp' table
2026-05-14 10:34:34,978 [DEBUG] Took 0.000s to load 'maxp'
2026-05-14 10:34:34,978 [DEBUG] Took 0.000s to prune 'maxp'
2026-05-14 10:34:34,978 [INFO] maxp pruned
2026-05-14 10:34:34,978 [INFO] LTSH dropped
2026-05-14 10:34:34,978 [INFO] VDMX dropped
2026-05-14 10:34:34,978 [INFO] hdmx dropped
2026-05-14 10:34:34,978 [DEBUG] Reading 'cmap' table from disk
2026-05-14 10:34:34,978 [DEBUG] Decompiling 'cmap' table
2026-05-14 10:34:34,978 [DEBUG] Took 0.000s to load 'cmap'
2026-05-14 10:34:34,978 [DEBUG] Took 0.000s to prune 'cmap'
2026-05-14 10:34:34,978 [INFO] cmap pruned
2026-05-14 10:34:34,978 [INFO] fpgm dropped
2026-05-14 10:34:34,979 [INFO] prep dropped
2026-05-14 10:34:34,979 [INFO] cvt  dropped
2026-05-14 10:34:34,979 [INFO] kern dropped
2026-05-14 10:34:34,979 [DEBUG] Reading 'post' table from disk
2026-05-14 10:34:34,979 [DEBUG] Decompiling 'post' table
2026-05-14 10:34:34,979 [DEBUG] Took 0.000s to load 'post'
2026-05-14 10:34:34,979 [DEBUG] Took 0.000s to prune 'post'
2026-05-14 10:34:34,979 [INFO] post pruned
2026-05-14 10:34:34,980 [INFO] GPOS dropped
2026-05-14 10:34:34,980 [INFO] GSUB dropped
2026-05-14 10:34:34,980 [DEBUG] Reading 'glyf' table from disk
2026-05-14 10:34:34,980 [DEBUG] Decompiling 'glyf' table
2026-05-14 10:34:34,981 [DEBUG] Reading 'loca' table from disk
2026-05-14 10:34:34,981 [DEBUG] Decompiling 'loca' table
2026-05-14 10:34:34,981 [DEBUG] Reading 'head' table from disk
2026-05-14 10:34:34,981 [DEBUG] Decompiling 'head' table
2026-05-14 10:34:34,984 [DEBUG] Reading 'cmap' table from disk
2026-05-14 10:34:34,984 [DEBUG] Decompiling 'cmap' table
2026-05-14 10:34:35,005 [DEBUG] Took 0.025s to load 'glyf'
2026-05-14 10:34:35,006 [DEBUG] Took 0.000s to prune 'glyf'
2026-05-14 10:34:35,006 [INFO] glyf pruned
2026-05-14 10:34:35,012 [DEBUG] Took 0.005s to close glyph list over 'cmap'
2026-05-14 10:34:35,012 [INFO] Added gid0 to subset
2026-05-14 10:34:35,012 [INFO] Closing glyph list over 'glyf': 70 glyphs before
2026-05-14 10:34:35,012 [INFO] Glyph names: ['.notdef', 'A', 'B', 'C', 'D', 'E', 'Euro', 'F', 'G', 'I', 'K', 'L', 'M', 'N', 'O', 'R', 'S', 'T', 'Udieresis', 'V', 'Z', 'a', 'at', 'b', 'c', 'colon', 'comma', 'd', 'e', 'eight', 'endash', 'f', 'five', 'four', 'g', 'germandbls', 'h', 'hyphen', 'i', 'k', 'l', 'm', 'n', 'nine', 'numbersign', 'o', 'one', 'p', 'parenleft', 'parenright', 'percent', 'period', 'periodcentered', 'plus', 'r', 's', 'seven', 'six', 'slash', 'space', 't', 'three', 'two', 'u', 'udieresis', 'v', 'w', 'y', 'z', 'zero']
2026-05-14 10:34:35,013 [INFO] Glyph IDs:   [0, 3, 6, 8, 11, 12, 14, 15, 16, 17, 18, 19, 20, 21, 22, 23, 24, 25, 26, 27, 28, 29, 35, 36, 37, 38, 39, 40, 41, 42, 44, 46, 47, 48, 49, 50, 53, 54, 55, 57, 61, 68, 69, 70, 71, 72, 73, 74, 75, 76, 78, 79, 80, 81, 82, 83, 85, 86, 87, 88, 89, 90, 92, 93, 104, 129, 137, 178, 189, 195]
2026-05-14 10:34:35,013 [INFO] Closed glyph list over 'glyf': 72 glyphs after
2026-05-14 10:34:35,013 [INFO] Glyph names: ['.notdef', 'A', 'B', 'C', 'D', 'E', 'Euro', 'F', 'G', 'I', 'K', 'L', 'M', 'N', 'O', 'R', 'S', 'T', 'U', 'Udieresis', 'V', 'Z', 'a', 'at', 'b', 'c', 'colon', 'comma', 'd', 'dieresis', 'e', 'eight', 'endash', 'f', 'five', 'four', 'g', 'germandbls', 'h', 'hyphen', 'i', 'k', 'l', 'm', 'n', 'nine', 'numbersign', 'o', 'one', 'p', 'parenleft', 'parenright', 'percent', 'period', 'periodcentered', 'plus', 'r', 's', 'seven', 'six', 'slash', 'space', 't', 'three', 'two', 'u', 'udieresis', 'v', 'w', 'y', 'z', 'zero']
2026-05-14 10:34:35,014 [INFO] Glyph IDs:   [0, 3, 6, 8, 11, 12, 14, 15, 16, 17, 18, 19, 20, 21, 22, 23, 24, 25, 26, 27, 28, 29, 35, 36, 37, 38, 39, 40, 41, 42, 44, 46, 47, 48, 49, 50, 53, 54, 55, 56, 57, 61, 68, 69, 70, 71, 72, 73, 74, 75, 76, 78, 79, 80, 81, 82, 83, 85, 86, 87, 88, 89, 90, 92, 93, 104, 129, 137, 143, 178, 189, 195]
2026-05-14 10:34:35,014 [DEBUG] Took 0.002s to close glyph list over 'glyf'
2026-05-14 10:34:35,017 [INFO] Retaining 72 glyphs
2026-05-14 10:34:35,018 [INFO] head subsetting not needed
2026-05-14 10:34:35,018 [INFO] hhea subsetting not needed
2026-05-14 10:34:35,018 [INFO] maxp subsetting not needed
2026-05-14 10:34:35,018 [INFO] OS/2 subsetting not needed
2026-05-14 10:34:35,018 [DEBUG] Reading 'hmtx' table from disk
2026-05-14 10:34:35,018 [DEBUG] Decompiling 'hmtx' table
2026-05-14 10:34:35,018 [DEBUG] Reading 'hhea' table from disk
2026-05-14 10:34:35,018 [DEBUG] Decompiling 'hhea' table
2026-05-14 10:34:35,022 [DEBUG] Took 0.004s to subset 'hmtx'
2026-05-14 10:34:35,022 [INFO] hmtx subsetted
2026-05-14 10:34:35,024 [DEBUG] Took 0.001s to subset 'cmap'
2026-05-14 10:34:35,024 [INFO] cmap subsetted
2026-05-14 10:34:35,024 [INFO] loca subsetting not needed
2026-05-14 10:34:35,024 [DEBUG] Took 0.000s to subset 'post'
2026-05-14 10:34:35,024 [INFO] post subsetted
2026-05-14 10:34:35,024 [INFO] gasp subsetting not needed
2026-05-14 10:34:35,024 [INFO] MERG NOT subset; don't know how to subset
2026-05-14 10:34:35,024 [INFO] meta NOT subset; don't know how to subset
2026-05-14 10:34:35,025 [DEBUG] Reading 'GDEF' table from disk
2026-05-14 10:34:35,025 [DEBUG] Decompiling 'GDEF' table
2026-05-14 10:34:35,028 [DEBUG] Took 0.003s to subset 'GDEF'
2026-05-14 10:34:35,028 [INFO] GDEF subsetted
2026-05-14 10:34:35,028 [INFO] name subsetting not needed
2026-05-14 10:34:35,030 [DEBUG] Took 0.002s to subset 'glyf'
2026-05-14 10:34:35,030 [INFO] glyf subsetted
2026-05-14 10:34:35,031 [DEBUG] Took 0.000s to subset GlyphOrder
2026-05-14 10:34:35,031 [DEBUG] Took 0.000s to prune 'head'
2026-05-14 10:34:35,031 [INFO] head pruned
2026-05-14 10:34:35,031 [DEBUG] Reading 'OS/2' table from disk
2026-05-14 10:34:35,031 [DEBUG] Decompiling 'OS/2' table
2026-05-14 10:34:35,032 [INFO] OS/2 Unicode ranges pruned: [0, 1, 31, 33, 63]
2026-05-14 10:34:35,032 [INFO] OS/2 CodePage ranges pruned: [0]
2026-05-14 10:34:35,033 [DEBUG] Took 0.001s to prune 'glyf'
2026-05-14 10:34:35,033 [INFO] glyf pruned
2026-05-14 10:34:35,033 [DEBUG] Took 0.000s to prune 'GDEF'
2026-05-14 10:34:35,033 [INFO] GDEF pruned
2026-05-14 10:34:35,034 [DEBUG] Reading 'name' table from disk
2026-05-14 10:34:35,034 [DEBUG] Decompiling 'name' table
2026-05-14 10:34:35,034 [DEBUG] Reading 'gasp' table from disk
2026-05-14 10:34:35,035 [DEBUG] Decompiling 'gasp' table
2026-05-14 10:34:35,035 [DEBUG] Reading 'MERG' table from disk
2026-05-14 10:34:35,035 [DEBUG] Decompiling 'MERG' table
2026-05-14 10:34:35,035 [DEBUG] Reading 'meta' table from disk
2026-05-14 10:34:35,035 [DEBUG] Decompiling 'meta' table
2026-05-14 10:34:35,036 [DEBUG] Took 0.002s to prune 'name'
2026-05-14 10:34:35,036 [INFO] name pruned
2026-05-14 10:34:35,057 [DEBUG] Reading 'maxp' table from disk
2026-05-14 10:34:35,059 [DEBUG] Decompiling 'maxp' table
2026-05-14 10:34:35,060 [DEBUG] Took 0.003s to load 'maxp'
2026-05-14 10:34:35,061 [DEBUG] Took 0.000s to prune 'maxp'
2026-05-14 10:34:35,063 [INFO] maxp pruned
2026-05-14 10:34:35,064 [INFO] LTSH dropped
2026-05-14 10:34:35,065 [INFO] VDMX dropped
2026-05-14 10:34:35,068 [INFO] hdmx dropped
2026-05-14 10:34:35,068 [DEBUG] Reading 'cmap' table from disk
2026-05-14 10:34:35,068 [DEBUG] Decompiling 'cmap' table
2026-05-14 10:34:35,068 [DEBUG] Took 0.000s to load 'cmap'
2026-05-14 10:34:35,068 [DEBUG] Took 0.000s to prune 'cmap'
2026-05-14 10:34:35,068 [INFO] cmap pruned
2026-05-14 10:34:35,068 [INFO] fpgm dropped
2026-05-14 10:34:35,069 [INFO] prep dropped
2026-05-14 10:34:35,069 [INFO] cvt  dropped
2026-05-14 10:34:35,069 [INFO] kern dropped
2026-05-14 10:34:35,069 [DEBUG] Reading 'post' table from disk
2026-05-14 10:34:35,069 [DEBUG] Decompiling 'post' table
2026-05-14 10:34:35,069 [DEBUG] Took 0.000s to load 'post'
2026-05-14 10:34:35,069 [DEBUG] Took 0.000s to prune 'post'
2026-05-14 10:34:35,069 [INFO] post pruned
2026-05-14 10:34:35,070 [INFO] GPOS dropped
2026-05-14 10:34:35,070 [INFO] GSUB dropped
2026-05-14 10:34:35,070 [DEBUG] Reading 'glyf' table from disk
2026-05-14 10:34:35,071 [DEBUG] Decompiling 'glyf' table
2026-05-14 10:34:35,071 [DEBUG] Reading 'loca' table from disk
2026-05-14 10:34:35,071 [DEBUG] Decompiling 'loca' table
2026-05-14 10:34:35,071 [DEBUG] Reading 'head' table from disk
2026-05-14 10:34:35,071 [DEBUG] Decompiling 'head' table
2026-05-14 10:34:35,074 [DEBUG] Reading 'cmap' table from disk
2026-05-14 10:34:35,074 [DEBUG] Decompiling 'cmap' table
2026-05-14 10:34:35,104 [DEBUG] Took 0.033s to load 'glyf'
2026-05-14 10:34:35,104 [DEBUG] Took 0.000s to prune 'glyf'
2026-05-14 10:34:35,104 [INFO] glyf pruned
2026-05-14 10:34:35,110 [DEBUG] Took 0.005s to close glyph list over 'cmap'
2026-05-14 10:34:35,110 [INFO] Added gid0 to subset
2026-05-14 10:34:35,110 [INFO] Closing glyph list over 'glyf': 37 glyphs before
2026-05-14 10:34:35,110 [INFO] Glyph names: ['.notdef', 'C', 'G', 'M', 'N', 'R', 'S', 'a', 'b', 'c', 'e', 'five', 'four', 'g', 'h', 'hyphen', 'i', 'k', 'l', 'm', 'n', 'nine', 'o', 'one', 'p', 'period', 'r', 's', 'six', 'space', 't', 'three', 'two', 'u', 'v', 'w', 'zero']
2026-05-14 10:34:35,112 [INFO] Glyph IDs:   [0, 3, 16, 17, 19, 20, 21, 22, 23, 24, 25, 28, 38, 42, 48, 49, 53, 54, 68, 69, 70, 72, 74, 75, 76, 78, 79, 80, 81, 82, 83, 85, 86, 87, 88, 89, 90]
2026-05-14 10:34:35,112 [INFO] Closed glyph list over 'glyf': 37 glyphs after
2026-05-14 10:34:35,112 [INFO] Glyph names: ['.notdef', 'C', 'G', 'M', 'N', 'R', 'S', 'a', 'b', 'c', 'e', 'five', 'four', 'g', 'h', 'hyphen', 'i', 'k', 'l', 'm', 'n', 'nine', 'o', 'one', 'p', 'period', 'r', 's', 'six', 'space', 't', 'three', 'two', 'u', 'v', 'w', 'zero']
2026-05-14 10:34:35,112 [INFO] Glyph IDs:   [0, 3, 16, 17, 19, 20, 21, 22, 23, 24, 25, 28, 38, 42, 48, 49, 53, 54, 68, 69, 70, 72, 74, 75, 76, 78, 79, 80, 81, 82, 83, 85, 86, 87, 88, 89, 90]
2026-05-14 10:34:35,113 [DEBUG] Took 0.002s to close glyph list over 'glyf'
2026-05-14 10:34:35,116 [INFO] Retaining 37 glyphs
2026-05-14 10:34:35,117 [INFO] head subsetting not needed
2026-05-14 10:34:35,117 [INFO] hhea subsetting not needed
2026-05-14 10:34:35,117 [INFO] maxp subsetting not needed
2026-05-14 10:34:35,117 [INFO] OS/2 subsetting not needed
2026-05-14 10:34:35,117 [DEBUG] Reading 'hmtx' table from disk
2026-05-14 10:34:35,117 [DEBUG] Decompiling 'hmtx' table
2026-05-14 10:34:35,117 [DEBUG] Reading 'hhea' table from disk
2026-05-14 10:34:35,117 [DEBUG] Decompiling 'hhea' table
2026-05-14 10:34:35,121 [DEBUG] Took 0.004s to subset 'hmtx'
2026-05-14 10:34:35,121 [INFO] hmtx subsetted
2026-05-14 10:34:35,122 [DEBUG] Took 0.001s to subset 'cmap'
2026-05-14 10:34:35,122 [INFO] cmap subsetted
2026-05-14 10:34:35,122 [INFO] loca subsetting not needed
2026-05-14 10:34:35,123 [DEBUG] Took 0.000s to subset 'post'
2026-05-14 10:34:35,123 [INFO] post subsetted
2026-05-14 10:34:35,123 [INFO] gasp subsetting not needed
2026-05-14 10:34:35,123 [INFO] MERG NOT subset; don't know how to subset
2026-05-14 10:34:35,123 [INFO] meta NOT subset; don't know how to subset
2026-05-14 10:34:35,123 [DEBUG] Reading 'GDEF' table from disk
2026-05-14 10:34:35,123 [DEBUG] Decompiling 'GDEF' table
2026-05-14 10:34:35,126 [DEBUG] Took 0.003s to subset 'GDEF'
2026-05-14 10:34:35,126 [INFO] GDEF subsetted
2026-05-14 10:34:35,126 [INFO] name subsetting not needed
2026-05-14 10:34:35,128 [DEBUG] Took 0.001s to subset 'glyf'
2026-05-14 10:34:35,128 [INFO] glyf subsetted
2026-05-14 10:34:35,128 [DEBUG] Took 0.000s to subset GlyphOrder
2026-05-14 10:34:35,129 [DEBUG] Took 0.000s to prune 'head'
2026-05-14 10:34:35,129 [INFO] head pruned
2026-05-14 10:34:35,129 [DEBUG] Reading 'OS/2' table from disk
2026-05-14 10:34:35,129 [DEBUG] Decompiling 'OS/2' table
2026-05-14 10:34:35,129 [INFO] OS/2 Unicode ranges pruned: [0, 31]
2026-05-14 10:34:35,130 [INFO] OS/2 CodePage ranges pruned: [0]
2026-05-14 10:34:35,130 [DEBUG] Took 0.000s to prune 'glyf'
2026-05-14 10:34:35,131 [INFO] glyf pruned
2026-05-14 10:34:35,131 [DEBUG] Took 0.000s to prune 'GDEF'
2026-05-14 10:34:35,131 [INFO] GDEF pruned
2026-05-14 10:34:35,132 [DEBUG] Reading 'name' table from disk
2026-05-14 10:34:35,132 [DEBUG] Decompiling 'name' table
2026-05-14 10:34:35,132 [DEBUG] Reading 'gasp' table from disk
2026-05-14 10:34:35,132 [DEBUG] Decompiling 'gasp' table
2026-05-14 10:34:35,132 [DEBUG] Reading 'MERG' table from disk
2026-05-14 10:34:35,133 [DEBUG] Decompiling 'MERG' table
2026-05-14 10:34:35,133 [DEBUG] Reading 'meta' table from disk
2026-05-14 10:34:35,133 [DEBUG] Decompiling 'meta' table
2026-05-14 10:34:35,133 [DEBUG] Took 0.001s to prune 'name'
2026-05-14 10:34:35,133 [INFO] name pruned
2026-05-14 10:35:58,703 [WARNING] Unknown rendering option: optimize_size.
2026-05-14 10:35:58,737 [ERROR] Failed to load stylesheet at file:///static/vendor/bootstrap/5.3.3/css/bootstrap.min.css: URLError: <urlopen error [WinError 3] Das System kann den angegebenen Pfad nicht finden: '\\static\\vendor\\bootstrap\\5.3.3\\css\\bootstrap.min.css'>
2026-05-14 10:35:58,737 [ERROR] Failed to load stylesheet at file:///static/vendor/bootstrap-icons/1.11.3/font/bootstrap-icons.min.css: URLError: <urlopen error [WinError 3] Das System kann den angegebenen Pfad nicht finden: '\\static\\vendor\\bootstrap-icons\\1.11.3\\font\\bootstrap-icons.min.css'>
2026-05-14 10:35:58,737 [ERROR] Failed to load stylesheet at file:///static/pwa/css/styles.css: URLError: <urlopen error [WinError 3] Das System kann den angegebenen Pfad nicht finden: '\\static\\pwa\\css\\styles.css'>
2026-05-14 10:35:58,741 [WARNING] Ignored `min-height: 100vh` at 46:7, invalid value.
2026-05-14 10:35:58,746 [WARNING] Expected a media type, got '(max-width: 992px)'
2026-05-14 10:35:58,746 [WARNING] Invalid media type ' (max-width: 992px) ' the whole @media rule was ignored at 128:5.
2026-05-14 10:35:58,752 [WARNING] Ignored `user-select: none` at 22:6, unknown property.
2026-05-14 10:35:58,753 [WARNING] Expected a media type, got '(min-width: 992px)'
2026-05-14 10:35:58,753 [WARNING] Invalid media type ' (min-width: 992px) ' the whole @media rule was ignored at 40:4.
2026-05-14 10:35:58,761 [WARNING] Ignored `box-shadow: 0 2px 10px rgba(0,0,0,0.07) ` at 8:5, unknown property.
2026-05-14 10:35:59,156 [DEBUG] Reading 'maxp' table from disk
2026-05-14 10:35:59,156 [DEBUG] Decompiling 'maxp' table
2026-05-14 10:35:59,156 [DEBUG] Took 0.000s to load 'maxp'
2026-05-14 10:35:59,156 [DEBUG] Took 0.000s to prune 'maxp'
2026-05-14 10:35:59,156 [INFO] maxp pruned
2026-05-14 10:35:59,156 [INFO] LTSH dropped
2026-05-14 10:35:59,157 [INFO] VDMX dropped
2026-05-14 10:35:59,157 [INFO] hdmx dropped
2026-05-14 10:35:59,157 [DEBUG] Reading 'cmap' table from disk
2026-05-14 10:35:59,157 [DEBUG] Decompiling 'cmap' table
2026-05-14 10:35:59,157 [DEBUG] Took 0.000s to load 'cmap'
2026-05-14 10:35:59,157 [DEBUG] Took 0.000s to prune 'cmap'
2026-05-14 10:35:59,157 [INFO] cmap pruned
2026-05-14 10:35:59,157 [INFO] fpgm dropped
2026-05-14 10:35:59,157 [INFO] prep dropped
2026-05-14 10:35:59,157 [INFO] cvt  dropped
2026-05-14 10:35:59,157 [INFO] kern dropped
2026-05-14 10:35:59,158 [DEBUG] Reading 'post' table from disk
2026-05-14 10:35:59,158 [DEBUG] Decompiling 'post' table
2026-05-14 10:35:59,158 [DEBUG] Took 0.000s to load 'post'
2026-05-14 10:35:59,158 [DEBUG] Took 0.000s to prune 'post'
2026-05-14 10:35:59,158 [INFO] post pruned
2026-05-14 10:35:59,158 [INFO] GPOS dropped
2026-05-14 10:35:59,159 [INFO] GSUB dropped
2026-05-14 10:35:59,159 [DEBUG] Reading 'glyf' table from disk
2026-05-14 10:35:59,159 [DEBUG] Decompiling 'glyf' table
2026-05-14 10:35:59,160 [DEBUG] Reading 'loca' table from disk
2026-05-14 10:35:59,160 [DEBUG] Decompiling 'loca' table
2026-05-14 10:35:59,160 [DEBUG] Reading 'head' table from disk
2026-05-14 10:35:59,160 [DEBUG] Decompiling 'head' table
2026-05-14 10:35:59,163 [DEBUG] Reading 'cmap' table from disk
2026-05-14 10:35:59,163 [DEBUG] Decompiling 'cmap' table
2026-05-14 10:35:59,184 [DEBUG] Took 0.025s to load 'glyf'
2026-05-14 10:35:59,185 [DEBUG] Took 0.000s to prune 'glyf'
2026-05-14 10:35:59,185 [INFO] glyf pruned
2026-05-14 10:35:59,190 [DEBUG] Took 0.005s to close glyph list over 'cmap'
2026-05-14 10:35:59,191 [INFO] Added gid0 to subset
2026-05-14 10:35:59,191 [INFO] Closing glyph list over 'glyf': 61 glyphs before
2026-05-14 10:35:59,191 [INFO] Glyph names: ['.notdef', 'A', 'B', 'C', 'D', 'E', 'Euro', 'F', 'H', 'L', 'M', 'N', 'O', 'P', 'Q', 'R', 'S', 'U', 'V', 'Z', 'a', 'adieresis', 'b', 'c', 'colon', 'comma', 'd', 'e', 'eight', 'f', 'five', 'four', 'g', 'h', 'hyphen', 'i', 'k', 'l', 'm', 'n', 'nine', 'o', 'odieresis', 'one', 'p', 'parenleft', 'parenright', 'period', 'r', 's', 'six', 'space', 't', 'three', 'two', 'u', 'udieresis', 'v', 'w', 'z', 'zero']
2026-05-14 10:35:59,192 [INFO] Glyph IDs:   [0, 3, 11, 12, 15, 16, 17, 19, 20, 21, 22, 23, 24, 25, 27, 28, 29, 36, 37, 38, 39, 40, 41, 43, 47, 48, 49, 50, 51, 52, 53, 54, 56, 57, 61, 68, 69, 70, 71, 72, 73, 74, 75, 76, 78, 79, 80, 81, 82, 83, 85, 86, 87, 88, 89, 90, 93, 108, 124, 129, 189]
2026-05-14 10:35:59,192 [INFO] Closed glyph list over 'glyf': 62 glyphs after
2026-05-14 10:35:59,192 [INFO] Glyph names: ['.notdef', 'A', 'B', 'C', 'D', 'E', 'Euro', 'F', 'H', 'L', 'M', 'N', 'O', 'P', 'Q', 'R', 'S', 'U', 'V', 'Z', 'a', 'adieresis', 'b', 'c', 'colon', 'comma', 'd', 'dieresis', 'e', 'eight', 'f', 'five', 'four', 'g', 'h', 'hyphen', 'i', 'k', 'l', 'm', 'n', 'nine', 'o', 'odieresis', 'one', 'p', 'parenleft', 'parenright', 'period', 'r', 's', 'six', 'space', 't', 'three', 'two', 'u', 'udieresis', 'v', 'w', 'z', 'zero']
2026-05-14 10:35:59,193 [INFO] Glyph IDs:   [0, 3, 11, 12, 15, 16, 17, 19, 20, 21, 22, 23, 24, 25, 27, 28, 29, 36, 37, 38, 39, 40, 41, 43, 47, 48, 49, 50, 51, 52, 53, 54, 56, 57, 61, 68, 69, 70, 71, 72, 73, 74, 75, 76, 78, 79, 80, 81, 82, 83, 85, 86, 87, 88, 89, 90, 93, 108, 124, 129, 143, 189]
2026-05-14 10:35:59,193 [DEBUG] Took 0.002s to close glyph list over 'glyf'
2026-05-14 10:35:59,196 [INFO] Retaining 62 glyphs
2026-05-14 10:35:59,197 [INFO] head subsetting not needed
2026-05-14 10:35:59,197 [INFO] hhea subsetting not needed
2026-05-14 10:35:59,197 [INFO] maxp subsetting not needed
2026-05-14 10:35:59,197 [INFO] OS/2 subsetting not needed
2026-05-14 10:35:59,197 [DEBUG] Reading 'hmtx' table from disk
2026-05-14 10:35:59,197 [DEBUG] Decompiling 'hmtx' table
2026-05-14 10:35:59,197 [DEBUG] Reading 'hhea' table from disk
2026-05-14 10:35:59,197 [DEBUG] Decompiling 'hhea' table
2026-05-14 10:35:59,201 [DEBUG] Took 0.004s to subset 'hmtx'
2026-05-14 10:35:59,201 [INFO] hmtx subsetted
2026-05-14 10:35:59,203 [DEBUG] Took 0.001s to subset 'cmap'
2026-05-14 10:35:59,203 [INFO] cmap subsetted
2026-05-14 10:35:59,203 [INFO] loca subsetting not needed
2026-05-14 10:35:59,203 [DEBUG] Took 0.000s to subset 'post'
2026-05-14 10:35:59,203 [INFO] post subsetted
2026-05-14 10:35:59,203 [INFO] gasp subsetting not needed
2026-05-14 10:35:59,204 [INFO] MERG NOT subset; don't know how to subset
2026-05-14 10:35:59,204 [INFO] meta NOT subset; don't know how to subset
2026-05-14 10:35:59,204 [DEBUG] Reading 'GDEF' table from disk
2026-05-14 10:35:59,204 [DEBUG] Decompiling 'GDEF' table
2026-05-14 10:35:59,208 [DEBUG] Took 0.004s to subset 'GDEF'
2026-05-14 10:35:59,208 [INFO] GDEF subsetted
2026-05-14 10:35:59,208 [INFO] name subsetting not needed
2026-05-14 10:35:59,209 [DEBUG] Took 0.001s to subset 'glyf'
2026-05-14 10:35:59,209 [INFO] glyf subsetted
2026-05-14 10:35:59,209 [DEBUG] Took 0.000s to subset GlyphOrder
2026-05-14 10:35:59,210 [DEBUG] Took 0.000s to prune 'head'
2026-05-14 10:35:59,210 [INFO] head pruned
2026-05-14 10:35:59,210 [DEBUG] Reading 'OS/2' table from disk
2026-05-14 10:35:59,210 [DEBUG] Decompiling 'OS/2' table
2026-05-14 10:35:59,210 [INFO] OS/2 Unicode ranges pruned: [0, 1, 31, 33, 63]
2026-05-14 10:35:59,210 [INFO] OS/2 CodePage ranges pruned: [0]
2026-05-14 10:35:59,211 [DEBUG] Took 0.001s to prune 'glyf'
2026-05-14 10:35:59,211 [INFO] glyf pruned
2026-05-14 10:35:59,212 [DEBUG] Took 0.000s to prune 'GDEF'
2026-05-14 10:35:59,212 [INFO] GDEF pruned
2026-05-14 10:35:59,212 [DEBUG] Reading 'name' table from disk
2026-05-14 10:35:59,212 [DEBUG] Decompiling 'name' table
2026-05-14 10:35:59,213 [DEBUG] Reading 'gasp' table from disk
2026-05-14 10:35:59,213 [DEBUG] Decompiling 'gasp' table
2026-05-14 10:35:59,213 [DEBUG] Reading 'MERG' table from disk
2026-05-14 10:35:59,213 [DEBUG] Decompiling 'MERG' table
2026-05-14 10:35:59,214 [DEBUG] Reading 'meta' table from disk
2026-05-14 10:35:59,214 [DEBUG] Decompiling 'meta' table
2026-05-14 10:35:59,214 [DEBUG] Took 0.002s to prune 'name'
2026-05-14 10:35:59,214 [INFO] name pruned
2026-05-14 10:35:59,230 [DEBUG] Reading 'maxp' table from disk
2026-05-14 10:35:59,231 [DEBUG] Decompiling 'maxp' table
2026-05-14 10:35:59,231 [DEBUG] Took 0.000s to load 'maxp'
2026-05-14 10:35:59,231 [DEBUG] Took 0.000s to prune 'maxp'
2026-05-14 10:35:59,231 [INFO] maxp pruned
2026-05-14 10:35:59,231 [INFO] LTSH dropped
2026-05-14 10:35:59,231 [INFO] VDMX dropped
2026-05-14 10:35:59,231 [INFO] hdmx dropped
2026-05-14 10:35:59,231 [DEBUG] Reading 'cmap' table from disk
2026-05-14 10:35:59,231 [DEBUG] Decompiling 'cmap' table
2026-05-14 10:35:59,231 [DEBUG] Took 0.000s to load 'cmap'
2026-05-14 10:35:59,232 [DEBUG] Took 0.000s to prune 'cmap'
2026-05-14 10:35:59,232 [INFO] cmap pruned
2026-05-14 10:35:59,232 [INFO] fpgm dropped
2026-05-14 10:35:59,232 [INFO] prep dropped
2026-05-14 10:35:59,232 [INFO] cvt  dropped
2026-05-14 10:35:59,232 [INFO] kern dropped
2026-05-14 10:35:59,232 [DEBUG] Reading 'post' table from disk
2026-05-14 10:35:59,232 [DEBUG] Decompiling 'post' table
2026-05-14 10:35:59,232 [DEBUG] Took 0.000s to load 'post'
2026-05-14 10:35:59,232 [DEBUG] Took 0.000s to prune 'post'
2026-05-14 10:35:59,232 [INFO] post pruned
2026-05-14 10:35:59,233 [INFO] GPOS dropped
2026-05-14 10:35:59,233 [INFO] GSUB dropped
2026-05-14 10:35:59,233 [DEBUG] Reading 'glyf' table from disk
2026-05-14 10:35:59,233 [DEBUG] Decompiling 'glyf' table
2026-05-14 10:35:59,233 [DEBUG] Reading 'loca' table from disk
2026-05-14 10:35:59,233 [DEBUG] Decompiling 'loca' table
2026-05-14 10:35:59,234 [DEBUG] Reading 'head' table from disk
2026-05-14 10:35:59,234 [DEBUG] Decompiling 'head' table
2026-05-14 10:35:59,236 [DEBUG] Reading 'cmap' table from disk
2026-05-14 10:35:59,236 [DEBUG] Decompiling 'cmap' table
2026-05-14 10:35:59,257 [DEBUG] Took 0.024s to load 'glyf'
2026-05-14 10:35:59,257 [DEBUG] Took 0.000s to prune 'glyf'
2026-05-14 10:35:59,257 [INFO] glyf pruned
2026-05-14 10:35:59,263 [DEBUG] Took 0.005s to close glyph list over 'cmap'
2026-05-14 10:35:59,263 [INFO] Added gid0 to subset
2026-05-14 10:35:59,264 [INFO] Closing glyph list over 'glyf': 72 glyphs before
2026-05-14 10:35:59,264 [INFO] Glyph names: ['.notdef', 'A', 'B', 'C', 'D', 'E', 'Euro', 'F', 'G', 'I', 'K', 'L', 'M', 'N', 'O', 'R', 'S', 'T', 'U', 'Udieresis', 'V', 'W', 'Z', 'a', 'at', 'b', 'c', 'colon', 'comma', 'd', 'e', 'eight', 'endash', 'f', 'five', 'four', 'g', 'germandbls', 'h', 'hyphen', 'i', 'k', 'l', 'm', 'n', 'nine', 'numbersign', 'o', 'odieresis', 'one', 'p', 'parenleft', 'parenright', 'percent', 'period', 'periodcentered', 'plus', 'r', 's', 'seven', 'six', 'slash', 'space', 't', 'three', 'two', 'u', 'udieresis', 'v', 'w', 'z', 'zero']
2026-05-14 10:35:59,265 [INFO] Glyph IDs:   [0, 3, 6, 8, 11, 12, 14, 15, 16, 17, 18, 19, 20, 21, 22, 23, 24, 25, 26, 27, 28, 29, 35, 36, 37, 38, 39, 40, 41, 42, 44, 46, 47, 48, 49, 50, 53, 54, 55, 56, 57, 58, 61, 68, 69, 70, 71, 72, 73, 74, 75, 76, 78, 79, 80, 81, 82, 83, 85, 86, 87, 88, 89, 90, 93, 104, 124, 129, 137, 178, 189, 195]
2026-05-14 10:35:59,265 [INFO] Closed glyph list over 'glyf': 73 glyphs after
2026-05-14 10:35:59,265 [INFO] Glyph names: ['.notdef', 'A', 'B', 'C', 'D', 'E', 'Euro', 'F', 'G', 'I', 'K', 'L', 'M', 'N', 'O', 'R', 'S', 'T', 'U', 'Udieresis', 'V', 'W', 'Z', 'a', 'at', 'b', 'c', 'colon', 'comma', 'd', 'dieresis', 'e', 'eight', 'endash', 'f', 'five', 'four', 'g', 'germandbls', 'h', 'hyphen', 'i', 'k', 'l', 'm', 'n', 'nine', 'numbersign', 'o', 'odieresis', 'one', 'p', 'parenleft', 'parenright', 'percent', 'period', 'periodcentered', 'plus', 'r', 's', 'seven', 'six', 'slash', 'space', 't', 'three', 'two', 'u', 'udieresis', 'v', 'w', 'z', 'zero']
2026-05-14 10:35:59,265 [INFO] Glyph IDs:   [0, 3, 6, 8, 11, 12, 14, 15, 16, 17, 18, 19, 20, 21, 22, 23, 24, 25, 26, 27, 28, 29, 35, 36, 37, 38, 39, 40, 41, 42, 44, 46, 47, 48, 49, 50, 53, 54, 55, 56, 57, 58, 61, 68, 69, 70, 71, 72, 73, 74, 75, 76, 78, 79, 80, 81, 82, 83, 85, 86, 87, 88, 89, 90, 93, 104, 124, 129, 137, 143, 178, 189, 195]
2026-05-14 10:35:59,266 [DEBUG] Took 0.002s to close glyph list over 'glyf'
2026-05-14 10:35:59,269 [INFO] Retaining 73 glyphs
2026-05-14 10:35:59,269 [INFO] head subsetting not needed
2026-05-14 10:35:59,269 [INFO] hhea subsetting not needed
2026-05-14 10:35:59,269 [INFO] maxp subsetting not needed
2026-05-14 10:35:59,270 [INFO] OS/2 subsetting not needed
2026-05-14 10:35:59,270 [DEBUG] Reading 'hmtx' table from disk
2026-05-14 10:35:59,270 [DEBUG] Decompiling 'hmtx' table
2026-05-14 10:35:59,270 [DEBUG] Reading 'hhea' table from disk
2026-05-14 10:35:59,270 [DEBUG] Decompiling 'hhea' table
2026-05-14 10:35:59,274 [DEBUG] Took 0.004s to subset 'hmtx'
2026-05-14 10:35:59,274 [INFO] hmtx subsetted
2026-05-14 10:35:59,275 [DEBUG] Took 0.001s to subset 'cmap'
2026-05-14 10:35:59,276 [INFO] cmap subsetted
2026-05-14 10:35:59,276 [INFO] loca subsetting not needed
2026-05-14 10:35:59,276 [DEBUG] Took 0.000s to subset 'post'
2026-05-14 10:35:59,276 [INFO] post subsetted
2026-05-14 10:35:59,277 [INFO] gasp subsetting not needed
2026-05-14 10:35:59,277 [INFO] MERG NOT subset; don't know how to subset
2026-05-14 10:35:59,277 [INFO] meta NOT subset; don't know how to subset
2026-05-14 10:35:59,277 [DEBUG] Reading 'GDEF' table from disk
2026-05-14 10:35:59,278 [DEBUG] Decompiling 'GDEF' table
2026-05-14 10:35:59,281 [DEBUG] Took 0.004s to subset 'GDEF'
2026-05-14 10:35:59,281 [INFO] GDEF subsetted
2026-05-14 10:35:59,281 [INFO] name subsetting not needed
2026-05-14 10:35:59,283 [DEBUG] Took 0.001s to subset 'glyf'
2026-05-14 10:35:59,283 [INFO] glyf subsetted
2026-05-14 10:35:59,283 [DEBUG] Took 0.000s to subset GlyphOrder
2026-05-14 10:35:59,284 [DEBUG] Took 0.000s to prune 'head'
2026-05-14 10:35:59,284 [INFO] head pruned
2026-05-14 10:35:59,284 [DEBUG] Reading 'OS/2' table from disk
2026-05-14 10:35:59,284 [DEBUG] Decompiling 'OS/2' table
2026-05-14 10:35:59,284 [INFO] OS/2 Unicode ranges pruned: [0, 1, 31, 33, 63]
2026-05-14 10:35:59,284 [INFO] OS/2 CodePage ranges pruned: [0]
2026-05-14 10:35:59,285 [DEBUG] Took 0.001s to prune 'glyf'
2026-05-14 10:35:59,285 [INFO] glyf pruned
2026-05-14 10:35:59,286 [DEBUG] Took 0.000s to prune 'GDEF'
2026-05-14 10:35:59,286 [INFO] GDEF pruned
2026-05-14 10:35:59,286 [DEBUG] Reading 'name' table from disk
2026-05-14 10:35:59,286 [DEBUG] Decompiling 'name' table
2026-05-14 10:35:59,287 [DEBUG] Reading 'gasp' table from disk
2026-05-14 10:35:59,287 [DEBUG] Decompiling 'gasp' table
2026-05-14 10:35:59,287 [DEBUG] Reading 'MERG' table from disk
2026-05-14 10:35:59,287 [DEBUG] Decompiling 'MERG' table
2026-05-14 10:35:59,287 [DEBUG] Reading 'meta' table from disk
2026-05-14 10:35:59,287 [DEBUG] Decompiling 'meta' table
2026-05-14 10:35:59,288 [DEBUG] Took 0.002s to prune 'name'
2026-05-14 10:35:59,288 [INFO] name pruned
2026-05-14 10:35:59,306 [DEBUG] Reading 'maxp' table from disk
2026-05-14 10:35:59,306 [DEBUG] Decompiling 'maxp' table
2026-05-14 10:35:59,306 [DEBUG] Took 0.000s to load 'maxp'
2026-05-14 10:35:59,307 [DEBUG] Took 0.000s to prune 'maxp'
2026-05-14 10:35:59,307 [INFO] maxp pruned
2026-05-14 10:35:59,307 [INFO] LTSH dropped
2026-05-14 10:35:59,307 [INFO] VDMX dropped
2026-05-14 10:35:59,307 [INFO] hdmx dropped
2026-05-14 10:35:59,307 [DEBUG] Reading 'cmap' table from disk
2026-05-14 10:35:59,307 [DEBUG] Decompiling 'cmap' table
2026-05-14 10:35:59,307 [DEBUG] Took 0.000s to load 'cmap'
2026-05-14 10:35:59,307 [DEBUG] Took 0.000s to prune 'cmap'
2026-05-14 10:35:59,308 [INFO] cmap pruned
2026-05-14 10:35:59,308 [INFO] fpgm dropped
2026-05-14 10:35:59,308 [INFO] prep dropped
2026-05-14 10:35:59,308 [INFO] cvt  dropped
2026-05-14 10:35:59,308 [INFO] kern dropped
2026-05-14 10:35:59,308 [DEBUG] Reading 'post' table from disk
2026-05-14 10:35:59,308 [DEBUG] Decompiling 'post' table
2026-05-14 10:35:59,308 [DEBUG] Took 0.000s to load 'post'
2026-05-14 10:35:59,308 [DEBUG] Took 0.000s to prune 'post'
2026-05-14 10:35:59,308 [INFO] post pruned
2026-05-14 10:35:59,309 [INFO] GPOS dropped
2026-05-14 10:35:59,309 [INFO] GSUB dropped
2026-05-14 10:35:59,309 [DEBUG] Reading 'glyf' table from disk
2026-05-14 10:35:59,309 [DEBUG] Decompiling 'glyf' table
2026-05-14 10:35:59,309 [DEBUG] Reading 'loca' table from disk
2026-05-14 10:35:59,309 [DEBUG] Decompiling 'loca' table
2026-05-14 10:35:59,309 [DEBUG] Reading 'head' table from disk
2026-05-14 10:35:59,309 [DEBUG] Decompiling 'head' table
2026-05-14 10:35:59,312 [DEBUG] Reading 'cmap' table from disk
2026-05-14 10:35:59,312 [DEBUG] Decompiling 'cmap' table
2026-05-14 10:35:59,332 [DEBUG] Took 0.023s to load 'glyf'
2026-05-14 10:35:59,332 [DEBUG] Took 0.000s to prune 'glyf'
2026-05-14 10:35:59,332 [INFO] glyf pruned
2026-05-14 10:35:59,338 [DEBUG] Took 0.005s to close glyph list over 'cmap'
2026-05-14 10:35:59,338 [INFO] Added gid0 to subset
2026-05-14 10:35:59,338 [INFO] Closing glyph list over 'glyf': 35 glyphs before
2026-05-14 10:35:59,338 [INFO] Glyph names: ['.notdef', 'M', 'N', 'R', 'S', 'U', 'a', 'b', 'c', 'e', 'f', 'five', 'g', 'h', 'hyphen', 'i', 'k', 'l', 'm', 'n', 'o', 'one', 'p', 'period', 'r', 's', 'six', 'space', 't', 'three', 'two', 'u', 'v', 'w', 'zero']
2026-05-14 10:35:59,340 [INFO] Glyph IDs:   [0, 3, 16, 17, 19, 20, 21, 22, 24, 25, 48, 49, 53, 54, 56, 68, 69, 70, 72, 73, 74, 75, 76, 78, 79, 80, 81, 82, 83, 85, 86, 87, 88, 89, 90]
2026-05-14 10:35:59,340 [INFO] Closed glyph list over 'glyf': 35 glyphs after
2026-05-14 10:35:59,340 [INFO] Glyph names: ['.notdef', 'M', 'N', 'R', 'S', 'U', 'a', 'b', 'c', 'e', 'f', 'five', 'g', 'h', 'hyphen', 'i', 'k', 'l', 'm', 'n', 'o', 'one', 'p', 'period', 'r', 's', 'six', 'space', 't', 'three', 'two', 'u', 'v', 'w', 'zero']
2026-05-14 10:35:59,340 [INFO] Glyph IDs:   [0, 3, 16, 17, 19, 20, 21, 22, 24, 25, 48, 49, 53, 54, 56, 68, 69, 70, 72, 73, 74, 75, 76, 78, 79, 80, 81, 82, 83, 85, 86, 87, 88, 89, 90]
2026-05-14 10:35:59,340 [DEBUG] Took 0.002s to close glyph list over 'glyf'
2026-05-14 10:35:59,343 [INFO] Retaining 35 glyphs
2026-05-14 10:35:59,344 [INFO] head subsetting not needed
2026-05-14 10:35:59,344 [INFO] hhea subsetting not needed
2026-05-14 10:35:59,344 [INFO] maxp subsetting not needed
2026-05-14 10:35:59,344 [INFO] OS/2 subsetting not needed
2026-05-14 10:35:59,344 [DEBUG] Reading 'hmtx' table from disk
2026-05-14 10:35:59,344 [DEBUG] Decompiling 'hmtx' table
2026-05-14 10:35:59,344 [DEBUG] Reading 'hhea' table from disk
2026-05-14 10:35:59,345 [DEBUG] Decompiling 'hhea' table
2026-05-14 10:35:59,348 [DEBUG] Took 0.004s to subset 'hmtx'
2026-05-14 10:35:59,348 [INFO] hmtx subsetted
2026-05-14 10:35:59,350 [DEBUG] Took 0.001s to subset 'cmap'
2026-05-14 10:35:59,350 [INFO] cmap subsetted
2026-05-14 10:35:59,350 [INFO] loca subsetting not needed
2026-05-14 10:35:59,350 [DEBUG] Took 0.000s to subset 'post'
2026-05-14 10:35:59,350 [INFO] post subsetted
2026-05-14 10:35:59,350 [INFO] gasp subsetting not needed
2026-05-14 10:35:59,350 [INFO] MERG NOT subset; don't know how to subset
2026-05-14 10:35:59,350 [INFO] meta NOT subset; don't know how to subset
2026-05-14 10:35:59,351 [DEBUG] Reading 'GDEF' table from disk
2026-05-14 10:35:59,351 [DEBUG] Decompiling 'GDEF' table
2026-05-14 10:35:59,354 [DEBUG] Took 0.003s to subset 'GDEF'
2026-05-14 10:35:59,354 [INFO] GDEF subsetted
2026-05-14 10:35:59,354 [INFO] name subsetting not needed
2026-05-14 10:35:59,355 [DEBUG] Took 0.001s to subset 'glyf'
2026-05-14 10:35:59,355 [INFO] glyf subsetted
2026-05-14 10:35:59,356 [DEBUG] Took 0.000s to subset GlyphOrder
2026-05-14 10:35:59,356 [DEBUG] Took 0.000s to prune 'head'
2026-05-14 10:35:59,356 [INFO] head pruned
2026-05-14 10:35:59,356 [DEBUG] Reading 'OS/2' table from disk
2026-05-14 10:35:59,356 [DEBUG] Decompiling 'OS/2' table
2026-05-14 10:35:59,356 [INFO] OS/2 Unicode ranges pruned: [0, 31]
2026-05-14 10:35:59,357 [INFO] OS/2 CodePage ranges pruned: [0]
2026-05-14 10:35:59,357 [DEBUG] Took 0.000s to prune 'glyf'
2026-05-14 10:35:59,357 [INFO] glyf pruned
2026-05-14 10:35:59,358 [DEBUG] Took 0.000s to prune 'GDEF'
2026-05-14 10:35:59,358 [INFO] GDEF pruned
2026-05-14 10:35:59,358 [DEBUG] Reading 'name' table from disk
2026-05-14 10:35:59,358 [DEBUG] Decompiling 'name' table
2026-05-14 10:35:59,359 [DEBUG] Reading 'gasp' table from disk
2026-05-14 10:35:59,359 [DEBUG] Decompiling 'gasp' table
2026-05-14 10:35:59,359 [DEBUG] Reading 'MERG' table from disk
2026-05-14 10:35:59,359 [DEBUG] Decompiling 'MERG' table
2026-05-14 10:35:59,359 [DEBUG] Reading 'meta' table from disk
2026-05-14 10:35:59,359 [DEBUG] Decompiling 'meta' table
2026-05-14 10:35:59,360 [DEBUG] Took 0.002s to prune 'name'
2026-05-14 10:35:59,360 [INFO] name pruned
2026-05-14 10:37:15,344 [WARNING] Unknown rendering option: optimize_size.
2026-05-14 10:37:15,379 [ERROR] Failed to load stylesheet at file:///static/vendor/bootstrap/5.3.3/css/bootstrap.min.css: URLError: <urlopen error [WinError 3] Das System kann den angegebenen Pfad nicht finden: '\\static\\vendor\\bootstrap\\5.3.3\\css\\bootstrap.min.css'>
2026-05-14 10:37:15,380 [ERROR] Failed to load stylesheet at file:///static/vendor/bootstrap-icons/1.11.3/font/bootstrap-icons.min.css: URLError: <urlopen error [WinError 3] Das System kann den angegebenen Pfad nicht finden: '\\static\\vendor\\bootstrap-icons\\1.11.3\\font\\bootstrap-icons.min.css'>
2026-05-14 10:37:15,380 [ERROR] Failed to load stylesheet at file:///static/pwa/css/styles.css: URLError: <urlopen error [WinError 3] Das System kann den angegebenen Pfad nicht finden: '\\static\\pwa\\css\\styles.css'>
2026-05-14 10:37:15,385 [WARNING] Ignored `min-height: 100vh` at 46:7, invalid value.
2026-05-14 10:37:15,390 [WARNING] Expected a media type, got '(max-width: 992px)'
2026-05-14 10:37:15,390 [WARNING] Invalid media type ' (max-width: 992px) ' the whole @media rule was ignored at 128:5.
2026-05-14 10:37:15,398 [WARNING] Ignored `user-select: none` at 22:6, unknown property.
2026-05-14 10:37:15,399 [WARNING] Expected a media type, got '(min-width: 992px)'
2026-05-14 10:37:15,399 [WARNING] Invalid media type ' (min-width: 992px) ' the whole @media rule was ignored at 40:4.
2026-05-14 10:37:15,408 [WARNING] Ignored `box-shadow: 0 2px 10px rgba(0,0,0,0.07) ` at 8:5, unknown property.
2026-05-14 10:37:15,883 [DEBUG] Reading 'maxp' table from disk
2026-05-14 10:37:15,884 [DEBUG] Decompiling 'maxp' table
2026-05-14 10:37:15,884 [DEBUG] Took 0.000s to load 'maxp'
2026-05-14 10:37:15,884 [DEBUG] Took 0.000s to prune 'maxp'
2026-05-14 10:37:15,884 [INFO] maxp pruned
2026-05-14 10:37:15,884 [INFO] LTSH dropped
2026-05-14 10:37:15,884 [INFO] VDMX dropped
2026-05-14 10:37:15,884 [INFO] hdmx dropped
2026-05-14 10:37:15,884 [DEBUG] Reading 'cmap' table from disk
2026-05-14 10:37:15,884 [DEBUG] Decompiling 'cmap' table
2026-05-14 10:37:15,884 [DEBUG] Took 0.000s to load 'cmap'
2026-05-14 10:37:15,885 [DEBUG] Took 0.000s to prune 'cmap'
2026-05-14 10:37:15,885 [INFO] cmap pruned
2026-05-14 10:37:15,885 [INFO] fpgm dropped
2026-05-14 10:37:15,885 [INFO] prep dropped
2026-05-14 10:37:15,885 [INFO] cvt  dropped
2026-05-14 10:37:15,885 [INFO] kern dropped
2026-05-14 10:37:15,885 [DEBUG] Reading 'post' table from disk
2026-05-14 10:37:15,885 [DEBUG] Decompiling 'post' table
2026-05-14 10:37:15,885 [DEBUG] Took 0.000s to load 'post'
2026-05-14 10:37:15,885 [DEBUG] Took 0.000s to prune 'post'
2026-05-14 10:37:15,885 [INFO] post pruned
2026-05-14 10:37:15,886 [INFO] GPOS dropped
2026-05-14 10:37:15,886 [INFO] GSUB dropped
2026-05-14 10:37:15,886 [DEBUG] Reading 'glyf' table from disk
2026-05-14 10:37:15,886 [DEBUG] Decompiling 'glyf' table
2026-05-14 10:37:15,887 [DEBUG] Reading 'loca' table from disk
2026-05-14 10:37:15,887 [DEBUG] Decompiling 'loca' table
2026-05-14 10:37:15,887 [DEBUG] Reading 'head' table from disk
2026-05-14 10:37:15,887 [DEBUG] Decompiling 'head' table
2026-05-14 10:37:15,889 [DEBUG] Reading 'cmap' table from disk
2026-05-14 10:37:15,889 [DEBUG] Decompiling 'cmap' table
2026-05-14 10:37:15,910 [DEBUG] Took 0.024s to load 'glyf'
2026-05-14 10:37:15,911 [DEBUG] Took 0.000s to prune 'glyf'
2026-05-14 10:37:15,911 [INFO] glyf pruned
2026-05-14 10:37:15,917 [DEBUG] Took 0.005s to close glyph list over 'cmap'
2026-05-14 10:37:15,917 [INFO] Added gid0 to subset
2026-05-14 10:37:15,917 [INFO] Closing glyph list over 'glyf': 63 glyphs before
2026-05-14 10:37:15,917 [INFO] Glyph names: ['.notdef', 'A', 'B', 'C', 'D', 'E', 'Euro', 'F', 'H', 'K', 'L', 'M', 'N', 'O', 'P', 'Q', 'R', 'S', 'U', 'V', 'Z', 'a', 'adieresis', 'b', 'c', 'colon', 'comma', 'd', 'e', 'eight', 'f', 'five', 'four', 'g', 'h', 'hyphen', 'i', 'k', 'l', 'm', 'n', 'nine', 'o', 'odieresis', 'one', 'p', 'parenleft', 'parenright', 'period', 'r', 's', 'seven', 'six', 'space', 't', 'three', 'two', 'u', 'udieresis', 'v', 'w', 'z', 'zero']
2026-05-14 10:37:15,918 [INFO] Glyph IDs:   [0, 3, 11, 12, 15, 16, 17, 19, 20, 21, 22, 23, 24, 25, 26, 27, 28, 29, 36, 37, 38, 39, 40, 41, 43, 46, 47, 48, 49, 50, 51, 52, 53, 54, 56, 57, 61, 68, 69, 70, 71, 72, 73, 74, 75, 76, 78, 79, 80, 81, 82, 83, 85, 86, 87, 88, 89, 90, 93, 108, 124, 129, 189]
2026-05-14 10:37:15,918 [INFO] Closed glyph list over 'glyf': 64 glyphs after
2026-05-14 10:37:15,918 [INFO] Glyph names: ['.notdef', 'A', 'B', 'C', 'D', 'E', 'Euro', 'F', 'H', 'K', 'L', 'M', 'N', 'O', 'P', 'Q', 'R', 'S', 'U', 'V', 'Z', 'a', 'adieresis', 'b', 'c', 'colon', 'comma', 'd', 'dieresis', 'e', 'eight', 'f', 'five', 'four', 'g', 'h', 'hyphen', 'i', 'k', 'l', 'm', 'n', 'nine', 'o', 'odieresis', 'one', 'p', 'parenleft', 'parenright', 'period', 'r', 's', 'seven', 'six', 'space', 't', 'three', 'two', 'u', 'udieresis', 'v', 'w', 'z', 'zero']
2026-05-14 10:37:15,919 [INFO] Glyph IDs:   [0, 3, 11, 12, 15, 16, 17, 19, 20, 21, 22, 23, 24, 25, 26, 27, 28, 29, 36, 37, 38, 39, 40, 41, 43, 46, 47, 48, 49, 50, 51, 52, 53, 54, 56, 57, 61, 68, 69, 70, 71, 72, 73, 74, 75, 76, 78, 79, 80, 81, 82, 83, 85, 86, 87, 88, 89, 90, 93, 108, 124, 129, 143, 189]
2026-05-14 10:37:15,919 [DEBUG] Took 0.002s to close glyph list over 'glyf'
2026-05-14 10:37:15,922 [INFO] Retaining 64 glyphs
2026-05-14 10:37:15,923 [INFO] head subsetting not needed
2026-05-14 10:37:15,923 [INFO] hhea subsetting not needed
2026-05-14 10:37:15,923 [INFO] maxp subsetting not needed
2026-05-14 10:37:15,923 [INFO] OS/2 subsetting not needed
2026-05-14 10:37:15,923 [DEBUG] Reading 'hmtx' table from disk
2026-05-14 10:37:15,923 [DEBUG] Decompiling 'hmtx' table
2026-05-14 10:37:15,923 [DEBUG] Reading 'hhea' table from disk
2026-05-14 10:37:15,923 [DEBUG] Decompiling 'hhea' table
2026-05-14 10:37:15,927 [DEBUG] Took 0.004s to subset 'hmtx'
2026-05-14 10:37:15,927 [INFO] hmtx subsetted
2026-05-14 10:37:15,929 [DEBUG] Took 0.001s to subset 'cmap'
2026-05-14 10:37:15,929 [INFO] cmap subsetted
2026-05-14 10:37:15,929 [INFO] loca subsetting not needed
2026-05-14 10:37:15,929 [DEBUG] Took 0.000s to subset 'post'
2026-05-14 10:37:15,929 [INFO] post subsetted
2026-05-14 10:37:15,929 [INFO] gasp subsetting not needed
2026-05-14 10:37:15,930 [INFO] MERG NOT subset; don't know how to subset
2026-05-14 10:37:15,930 [INFO] meta NOT subset; don't know how to subset
2026-05-14 10:37:15,930 [DEBUG] Reading 'GDEF' table from disk
2026-05-14 10:37:15,930 [DEBUG] Decompiling 'GDEF' table
2026-05-14 10:37:15,934 [DEBUG] Took 0.004s to subset 'GDEF'
2026-05-14 10:37:15,934 [INFO] GDEF subsetted
2026-05-14 10:37:15,934 [INFO] name subsetting not needed
2026-05-14 10:37:15,936 [DEBUG] Took 0.001s to subset 'glyf'
2026-05-14 10:37:15,936 [INFO] glyf subsetted
2026-05-14 10:37:15,936 [DEBUG] Took 0.000s to subset GlyphOrder
2026-05-14 10:37:15,936 [DEBUG] Took 0.000s to prune 'head'
2026-05-14 10:37:15,936 [INFO] head pruned
2026-05-14 10:37:15,936 [DEBUG] Reading 'OS/2' table from disk
2026-05-14 10:37:15,936 [DEBUG] Decompiling 'OS/2' table
2026-05-14 10:37:15,937 [INFO] OS/2 Unicode ranges pruned: [0, 1, 31, 33, 63]
2026-05-14 10:37:15,937 [INFO] OS/2 CodePage ranges pruned: [0]
2026-05-14 10:37:15,938 [DEBUG] Took 0.001s to prune 'glyf'
2026-05-14 10:37:15,938 [INFO] glyf pruned
2026-05-14 10:37:15,938 [DEBUG] Took 0.000s to prune 'GDEF'
2026-05-14 10:37:15,938 [INFO] GDEF pruned
2026-05-14 10:37:15,939 [DEBUG] Reading 'name' table from disk
2026-05-14 10:37:15,939 [DEBUG] Decompiling 'name' table
2026-05-14 10:37:15,940 [DEBUG] Reading 'gasp' table from disk
2026-05-14 10:37:15,940 [DEBUG] Decompiling 'gasp' table
2026-05-14 10:37:15,940 [DEBUG] Reading 'MERG' table from disk
2026-05-14 10:37:15,940 [DEBUG] Decompiling 'MERG' table
2026-05-14 10:37:15,940 [DEBUG] Reading 'meta' table from disk
2026-05-14 10:37:15,940 [DEBUG] Decompiling 'meta' table
2026-05-14 10:37:15,940 [DEBUG] Took 0.002s to prune 'name'
2026-05-14 10:37:15,941 [INFO] name pruned
2026-05-14 10:37:15,958 [DEBUG] Reading 'maxp' table from disk
2026-05-14 10:37:15,958 [DEBUG] Decompiling 'maxp' table
2026-05-14 10:37:15,958 [DEBUG] Took 0.000s to load 'maxp'
2026-05-14 10:37:15,958 [DEBUG] Took 0.000s to prune 'maxp'
2026-05-14 10:37:15,958 [INFO] maxp pruned
2026-05-14 10:37:15,958 [INFO] LTSH dropped
2026-05-14 10:37:15,959 [INFO] VDMX dropped
2026-05-14 10:37:15,959 [INFO] hdmx dropped
2026-05-14 10:37:15,959 [DEBUG] Reading 'cmap' table from disk
2026-05-14 10:37:15,959 [DEBUG] Decompiling 'cmap' table
2026-05-14 10:37:15,959 [DEBUG] Took 0.000s to load 'cmap'
2026-05-14 10:37:15,959 [DEBUG] Took 0.000s to prune 'cmap'
2026-05-14 10:37:15,959 [INFO] cmap pruned
2026-05-14 10:37:15,959 [INFO] fpgm dropped
2026-05-14 10:37:15,959 [INFO] prep dropped
2026-05-14 10:37:15,959 [INFO] cvt  dropped
2026-05-14 10:37:15,959 [INFO] kern dropped
2026-05-14 10:37:15,960 [DEBUG] Reading 'post' table from disk
2026-05-14 10:37:15,960 [DEBUG] Decompiling 'post' table
2026-05-14 10:37:15,960 [DEBUG] Took 0.000s to load 'post'
2026-05-14 10:37:15,960 [DEBUG] Took 0.000s to prune 'post'
2026-05-14 10:37:15,960 [INFO] post pruned
2026-05-14 10:37:15,960 [INFO] GPOS dropped
2026-05-14 10:37:15,961 [INFO] GSUB dropped
2026-05-14 10:37:15,961 [DEBUG] Reading 'glyf' table from disk
2026-05-14 10:37:15,961 [DEBUG] Decompiling 'glyf' table
2026-05-14 10:37:15,961 [DEBUG] Reading 'loca' table from disk
2026-05-14 10:37:15,961 [DEBUG] Decompiling 'loca' table
2026-05-14 10:37:15,961 [DEBUG] Reading 'head' table from disk
2026-05-14 10:37:15,961 [DEBUG] Decompiling 'head' table
2026-05-14 10:37:15,964 [DEBUG] Reading 'cmap' table from disk
2026-05-14 10:37:15,964 [DEBUG] Decompiling 'cmap' table
2026-05-14 10:37:15,984 [DEBUG] Took 0.024s to load 'glyf'
2026-05-14 10:37:15,985 [DEBUG] Took 0.000s to prune 'glyf'
2026-05-14 10:37:15,985 [INFO] glyf pruned
2026-05-14 10:37:15,990 [DEBUG] Took 0.005s to close glyph list over 'cmap'
2026-05-14 10:37:15,991 [INFO] Added gid0 to subset
2026-05-14 10:37:15,991 [INFO] Closing glyph list over 'glyf': 72 glyphs before
2026-05-14 10:37:15,991 [INFO] Glyph names: ['.notdef', 'A', 'B', 'C', 'D', 'E', 'Euro', 'F', 'G', 'H', 'I', 'K', 'L', 'M', 'N', 'O', 'P', 'R', 'S', 'T', 'Udieresis', 'V', 'Z', 'a', 'at', 'b', 'c', 'colon', 'comma', 'd', 'e', 'eight', 'endash', 'f', 'five', 'four', 'g', 'germandbls', 'h', 'hyphen', 'i', 'k', 'l', 'm', 'n', 'nine', 'numbersign', 'o', 'one', 'p', 'parenleft', 'parenright', 'percent', 'period', 'periodcentered', 'plus', 'r', 's', 'seven', 'six', 'slash', 'space', 't', 'three', 'two', 'u', 'udieresis', 'v', 'w', 'y', 'z', 'zero']
2026-05-14 10:37:15,992 [INFO] Glyph IDs:   [0, 3, 6, 8, 11, 12, 14, 15, 16, 17, 18, 19, 20, 21, 22, 23, 24, 25, 26, 27, 28, 29, 35, 36, 37, 38, 39, 40, 41, 42, 43, 44, 46, 47, 48, 49, 50, 51, 53, 54, 55, 57, 61, 68, 69, 70, 71, 72, 73, 74, 75, 76, 78, 79, 80, 81, 82, 83, 85, 86, 87, 88, 89, 90, 92, 93, 104, 129, 137, 178, 189, 195]
2026-05-14 10:37:15,992 [INFO] Closed glyph list over 'glyf': 74 glyphs after
2026-05-14 10:37:15,992 [INFO] Glyph names: ['.notdef', 'A', 'B', 'C', 'D', 'E', 'Euro', 'F', 'G', 'H', 'I', 'K', 'L', 'M', 'N', 'O', 'P', 'R', 'S', 'T', 'U', 'Udieresis', 'V', 'Z', 'a', 'at', 'b', 'c', 'colon', 'comma', 'd', 'dieresis', 'e', 'eight', 'endash', 'f', 'five', 'four', 'g', 'germandbls', 'h', 'hyphen', 'i', 'k', 'l', 'm', 'n', 'nine', 'numbersign', 'o', 'one', 'p', 'parenleft', 'parenright', 'percent', 'period', 'periodcentered', 'plus', 'r', 's', 'seven', 'six', 'slash', 'space', 't', 'three', 'two', 'u', 'udieresis', 'v', 'w', 'y', 'z', 'zero']
2026-05-14 10:37:15,992 [INFO] Glyph IDs:   [0, 3, 6, 8, 11, 12, 14, 15, 16, 17, 18, 19, 20, 21, 22, 23, 24, 25, 26, 27, 28, 29, 35, 36, 37, 38, 39, 40, 41, 42, 43, 44, 46, 47, 48, 49, 50, 51, 53, 54, 55, 56, 57, 61, 68, 69, 70, 71, 72, 73, 74, 75, 76, 78, 79, 80, 81, 82, 83, 85, 86, 87, 88, 89, 90, 92, 93, 104, 129, 137, 143, 178, 189, 195]
2026-05-14 10:37:15,993 [DEBUG] Took 0.002s to close glyph list over 'glyf'
2026-05-14 10:37:15,996 [INFO] Retaining 74 glyphs
2026-05-14 10:37:15,996 [INFO] head subsetting not needed
2026-05-14 10:37:15,997 [INFO] hhea subsetting not needed
2026-05-14 10:37:15,997 [INFO] maxp subsetting not needed
2026-05-14 10:37:15,997 [INFO] OS/2 subsetting not needed
2026-05-14 10:37:15,997 [DEBUG] Reading 'hmtx' table from disk
2026-05-14 10:37:15,997 [DEBUG] Decompiling 'hmtx' table
2026-05-14 10:37:15,997 [DEBUG] Reading 'hhea' table from disk
2026-05-14 10:37:15,997 [DEBUG] Decompiling 'hhea' table
2026-05-14 10:37:16,001 [DEBUG] Took 0.004s to subset 'hmtx'
2026-05-14 10:37:16,001 [INFO] hmtx subsetted
2026-05-14 10:37:16,003 [DEBUG] Took 0.001s to subset 'cmap'
2026-05-14 10:37:16,003 [INFO] cmap subsetted
2026-05-14 10:37:16,003 [INFO] loca subsetting not needed
2026-05-14 10:37:16,003 [DEBUG] Took 0.000s to subset 'post'
2026-05-14 10:37:16,003 [INFO] post subsetted
2026-05-14 10:37:16,003 [INFO] gasp subsetting not needed
2026-05-14 10:37:16,004 [INFO] MERG NOT subset; don't know how to subset
2026-05-14 10:37:16,004 [INFO] meta NOT subset; don't know how to subset
2026-05-14 10:37:16,004 [DEBUG] Reading 'GDEF' table from disk
2026-05-14 10:37:16,004 [DEBUG] Decompiling 'GDEF' table
2026-05-14 10:37:16,007 [DEBUG] Took 0.003s to subset 'GDEF'
2026-05-14 10:37:16,007 [INFO] GDEF subsetted
2026-05-14 10:37:16,007 [INFO] name subsetting not needed
2026-05-14 10:37:16,009 [DEBUG] Took 0.001s to subset 'glyf'
2026-05-14 10:37:16,009 [INFO] glyf subsetted
2026-05-14 10:37:16,009 [DEBUG] Took 0.000s to subset GlyphOrder
2026-05-14 10:37:16,009 [DEBUG] Took 0.000s to prune 'head'
2026-05-14 10:37:16,009 [INFO] head pruned
2026-05-14 10:37:16,010 [DEBUG] Reading 'OS/2' table from disk
2026-05-14 10:37:16,010 [DEBUG] Decompiling 'OS/2' table
2026-05-14 10:37:16,010 [INFO] OS/2 Unicode ranges pruned: [0, 1, 31, 33, 63]
2026-05-14 10:37:16,010 [INFO] OS/2 CodePage ranges pruned: [0]
2026-05-14 10:37:16,011 [DEBUG] Took 0.001s to prune 'glyf'
2026-05-14 10:37:16,011 [INFO] glyf pruned
2026-05-14 10:37:16,011 [DEBUG] Took 0.000s to prune 'GDEF'
2026-05-14 10:37:16,012 [INFO] GDEF pruned
2026-05-14 10:37:16,012 [DEBUG] Reading 'name' table from disk
2026-05-14 10:37:16,012 [DEBUG] Decompiling 'name' table
2026-05-14 10:37:16,013 [DEBUG] Reading 'gasp' table from disk
2026-05-14 10:37:16,014 [DEBUG] Decompiling 'gasp' table
2026-05-14 10:37:16,014 [DEBUG] Reading 'MERG' table from disk
2026-05-14 10:37:16,014 [DEBUG] Decompiling 'MERG' table
2026-05-14 10:37:16,014 [DEBUG] Reading 'meta' table from disk
2026-05-14 10:37:16,014 [DEBUG] Decompiling 'meta' table
2026-05-14 10:37:16,015 [DEBUG] Took 0.002s to prune 'name'
2026-05-14 10:37:16,015 [INFO] name pruned
2026-05-14 10:37:16,033 [DEBUG] Reading 'maxp' table from disk
2026-05-14 10:37:16,034 [DEBUG] Decompiling 'maxp' table
2026-05-14 10:37:16,034 [DEBUG] Took 0.000s to load 'maxp'
2026-05-14 10:37:16,034 [DEBUG] Took 0.000s to prune 'maxp'
2026-05-14 10:37:16,034 [INFO] maxp pruned
2026-05-14 10:37:16,034 [INFO] LTSH dropped
2026-05-14 10:37:16,034 [INFO] VDMX dropped
2026-05-14 10:37:16,034 [INFO] hdmx dropped
2026-05-14 10:37:16,034 [DEBUG] Reading 'cmap' table from disk
2026-05-14 10:37:16,034 [DEBUG] Decompiling 'cmap' table
2026-05-14 10:37:16,035 [DEBUG] Took 0.000s to load 'cmap'
2026-05-14 10:37:16,035 [DEBUG] Took 0.000s to prune 'cmap'
2026-05-14 10:37:16,035 [INFO] cmap pruned
2026-05-14 10:37:16,035 [INFO] fpgm dropped
2026-05-14 10:37:16,035 [INFO] prep dropped
2026-05-14 10:37:16,035 [INFO] cvt  dropped
2026-05-14 10:37:16,035 [INFO] kern dropped
2026-05-14 10:37:16,035 [DEBUG] Reading 'post' table from disk
2026-05-14 10:37:16,035 [DEBUG] Decompiling 'post' table
2026-05-14 10:37:16,035 [DEBUG] Took 0.000s to load 'post'
2026-05-14 10:37:16,035 [DEBUG] Took 0.000s to prune 'post'
2026-05-14 10:37:16,035 [INFO] post pruned
2026-05-14 10:37:16,036 [INFO] GPOS dropped
2026-05-14 10:37:16,036 [INFO] GSUB dropped
2026-05-14 10:37:16,036 [DEBUG] Reading 'glyf' table from disk
2026-05-14 10:37:16,036 [DEBUG] Decompiling 'glyf' table
2026-05-14 10:37:16,036 [DEBUG] Reading 'loca' table from disk
2026-05-14 10:37:16,036 [DEBUG] Decompiling 'loca' table
2026-05-14 10:37:16,036 [DEBUG] Reading 'head' table from disk
2026-05-14 10:37:16,036 [DEBUG] Decompiling 'head' table
2026-05-14 10:37:16,039 [DEBUG] Reading 'cmap' table from disk
2026-05-14 10:37:16,039 [DEBUG] Decompiling 'cmap' table
2026-05-14 10:37:16,060 [DEBUG] Took 0.024s to load 'glyf'
2026-05-14 10:37:16,060 [DEBUG] Took 0.000s to prune 'glyf'
2026-05-14 10:37:16,060 [INFO] glyf pruned
2026-05-14 10:37:16,066 [DEBUG] Took 0.005s to close glyph list over 'cmap'
2026-05-14 10:37:16,066 [INFO] Added gid0 to subset
2026-05-14 10:37:16,066 [INFO] Closing glyph list over 'glyf': 35 glyphs before
2026-05-14 10:37:16,067 [INFO] Glyph names: ['.notdef', 'H', 'K', 'M', 'N', 'R', 'S', 'a', 'b', 'c', 'e', 'f', 'five', 'g', 'h', 'hyphen', 'i', 'l', 'm', 'n', 'nine', 'o', 'one', 'p', 'period', 'r', 's', 'seven', 'six', 'space', 't', 'two', 'u', 'v', 'zero']
2026-05-14 10:37:16,068 [INFO] Glyph IDs:   [0, 3, 16, 17, 19, 20, 21, 24, 25, 26, 28, 43, 46, 48, 49, 53, 54, 68, 69, 70, 72, 73, 74, 75, 76, 79, 80, 81, 82, 83, 85, 86, 87, 88, 89]
2026-05-14 10:37:16,068 [INFO] Closed glyph list over 'glyf': 35 glyphs after
2026-05-14 10:37:16,068 [INFO] Glyph names: ['.notdef', 'H', 'K', 'M', 'N', 'R', 'S', 'a', 'b', 'c', 'e', 'f', 'five', 'g', 'h', 'hyphen', 'i', 'l', 'm', 'n', 'nine', 'o', 'one', 'p', 'period', 'r', 's', 'seven', 'six', 'space', 't', 'two', 'u', 'v', 'zero']
2026-05-14 10:37:16,069 [INFO] Glyph IDs:   [0, 3, 16, 17, 19, 20, 21, 24, 25, 26, 28, 43, 46, 48, 49, 53, 54, 68, 69, 70, 72, 73, 74, 75, 76, 79, 80, 81, 82, 83, 85, 86, 87, 88, 89]
2026-05-14 10:37:16,069 [DEBUG] Took 0.002s to close glyph list over 'glyf'
2026-05-14 10:37:16,072 [INFO] Retaining 35 glyphs
2026-05-14 10:37:16,073 [INFO] head subsetting not needed
2026-05-14 10:37:16,073 [INFO] hhea subsetting not needed
2026-05-14 10:37:16,073 [INFO] maxp subsetting not needed
2026-05-14 10:37:16,073 [INFO] OS/2 subsetting not needed
2026-05-14 10:37:16,073 [DEBUG] Reading 'hmtx' table from disk
2026-05-14 10:37:16,073 [DEBUG] Decompiling 'hmtx' table
2026-05-14 10:37:16,073 [DEBUG] Reading 'hhea' table from disk
2026-05-14 10:37:16,073 [DEBUG] Decompiling 'hhea' table
2026-05-14 10:37:16,077 [DEBUG] Took 0.004s to subset 'hmtx'
2026-05-14 10:37:16,077 [INFO] hmtx subsetted
2026-05-14 10:37:16,079 [DEBUG] Took 0.001s to subset 'cmap'
2026-05-14 10:37:16,080 [INFO] cmap subsetted
2026-05-14 10:37:16,080 [INFO] loca subsetting not needed
2026-05-14 10:37:16,082 [DEBUG] Took 0.000s to subset 'post'
2026-05-14 10:37:16,082 [INFO] post subsetted
2026-05-14 10:37:16,082 [INFO] gasp subsetting not needed
2026-05-14 10:37:16,085 [INFO] MERG NOT subset; don't know how to subset
2026-05-14 10:37:16,085 [INFO] meta NOT subset; don't know how to subset
2026-05-14 10:37:16,085 [DEBUG] Reading 'GDEF' table from disk
2026-05-14 10:37:16,086 [DEBUG] Decompiling 'GDEF' table
2026-05-14 10:37:16,089 [DEBUG] Took 0.003s to subset 'GDEF'
2026-05-14 10:37:16,089 [INFO] GDEF subsetted
2026-05-14 10:37:16,089 [INFO] name subsetting not needed
2026-05-14 10:37:16,090 [DEBUG] Took 0.001s to subset 'glyf'
2026-05-14 10:37:16,091 [INFO] glyf subsetted
2026-05-14 10:37:16,091 [DEBUG] Took 0.000s to subset GlyphOrder
2026-05-14 10:37:16,091 [DEBUG] Took 0.000s to prune 'head'
2026-05-14 10:37:16,091 [INFO] head pruned
2026-05-14 10:37:16,091 [DEBUG] Reading 'OS/2' table from disk
2026-05-14 10:37:16,091 [DEBUG] Decompiling 'OS/2' table
2026-05-14 10:37:16,092 [INFO] OS/2 Unicode ranges pruned: [0, 31]
2026-05-14 10:37:16,092 [INFO] OS/2 CodePage ranges pruned: [0]
2026-05-14 10:37:16,092 [DEBUG] Took 0.000s to prune 'glyf'
2026-05-14 10:37:16,092 [INFO] glyf pruned
2026-05-14 10:37:16,093 [DEBUG] Took 0.000s to prune 'GDEF'
2026-05-14 10:37:16,093 [INFO] GDEF pruned
2026-05-14 10:37:16,093 [DEBUG] Reading 'name' table from disk
2026-05-14 10:37:16,093 [DEBUG] Decompiling 'name' table
2026-05-14 10:37:16,094 [DEBUG] Reading 'gasp' table from disk
2026-05-14 10:37:16,094 [DEBUG] Decompiling 'gasp' table
2026-05-14 10:37:16,094 [DEBUG] Reading 'MERG' table from disk
2026-05-14 10:37:16,095 [DEBUG] Decompiling 'MERG' table
2026-05-14 10:37:16,097 [DEBUG] Reading 'meta' table from disk
2026-05-14 10:37:16,097 [DEBUG] Decompiling 'meta' table
2026-05-14 10:37:16,098 [DEBUG] Took 0.004s to prune 'name'
2026-05-14 10:37:16,098 [INFO] name pruned
2026-05-14 10:38:42,893 [WARNING] Unknown rendering option: optimize_size.
2026-05-14 10:38:42,938 [ERROR] Failed to load stylesheet at file:///static/vendor/bootstrap/5.3.3/css/bootstrap.min.css: URLError: <urlopen error [WinError 3] Das System kann den angegebenen Pfad nicht finden: '\\static\\vendor\\bootstrap\\5.3.3\\css\\bootstrap.min.css'>
2026-05-14 10:38:42,939 [ERROR] Failed to load stylesheet at file:///static/vendor/bootstrap-icons/1.11.3/font/bootstrap-icons.min.css: URLError: <urlopen error [WinError 3] Das System kann den angegebenen Pfad nicht finden: '\\static\\vendor\\bootstrap-icons\\1.11.3\\font\\bootstrap-icons.min.css'>
2026-05-14 10:38:42,939 [ERROR] Failed to load stylesheet at file:///static/pwa/css/styles.css: URLError: <urlopen error [WinError 3] Das System kann den angegebenen Pfad nicht finden: '\\static\\pwa\\css\\styles.css'>
2026-05-14 10:38:42,943 [WARNING] Ignored `min-height: 100vh` at 46:7, invalid value.
2026-05-14 10:38:42,947 [WARNING] Expected a media type, got '(max-width: 992px)'
2026-05-14 10:38:42,948 [WARNING] Invalid media type ' (max-width: 992px) ' the whole @media rule was ignored at 128:5.
2026-05-14 10:38:42,954 [WARNING] Ignored `user-select: none` at 22:6, unknown property.
2026-05-14 10:38:42,955 [WARNING] Expected a media type, got '(min-width: 992px)'
2026-05-14 10:38:42,955 [WARNING] Invalid media type ' (min-width: 992px) ' the whole @media rule was ignored at 40:4.
2026-05-14 10:38:42,963 [WARNING] Ignored `box-shadow: 0 2px 10px rgba(0,0,0,0.07) ` at 8:5, unknown property.
2026-05-14 10:44:08,385 [WARNING] Unknown rendering option: optimize_size.
2026-05-14 10:46:47,525 [INFO] Watchdog beendet Waitress: manual shutdown via pwa UI
2026-05-22 17:07:05,252 [INFO] MANIFeST OU – Produktivstart
2026-05-22 17:07:05,554 [INFO] Starte Waitress auf 0.0.0.0:5000
2026-05-22 17:07:05,556 [INFO] Serving on http://0.0.0.0:5000
2026-05-22 17:07:07,074 [INFO] Browser geöffnet: http://localhost:5000/pwa
2026-05-22 17:08:18,630 [INFO] Watchdog beendet Waitress: manual shutdown via pwa UI
2026-05-22 17:08:48,122 [INFO] MANIFeST OU – Produktivstart
2026-05-22 17:08:48,432 [INFO] Starte Waitress auf 0.0.0.0:5000
2026-05-22 17:08:48,435 [INFO] Serving on http://0.0.0.0:5000
2026-05-22 17:08:49,951 [INFO] Browser geöffnet: http://localhost:5000/pwa
2026-05-22 17:10:10,317 [INFO] MANIFeST OU – Produktivstart
2026-05-22 17:10:10,622 [INFO] Starte Waitress auf 0.0.0.0:5000
2026-05-22 17:10:10,625 [INFO] Serving on http://0.0.0.0:5000
2026-05-22 17:10:12,152 [INFO] Browser geöffnet: http://localhost:5000/pwa
2026-05-22 17:10:28,629 [INFO] Watchdog beendet Waitress: manual shutdown via pwa UI
2026-05-22 17:14:19,548 [INFO] MANIFeST OU – Produktivstart
2026-05-22 17:14:19,857 [INFO] Starte Waitress auf 0.0.0.0:5000
2026-05-22 17:14:19,862 [INFO] Serving on http://0.0.0.0:5000
2026-05-22 17:14:21,390 [INFO] Browser geöffnet: http://localhost:5000/pwa
2026-05-22 17:14:46,872 [INFO] Watchdog beendet Waitress: manual shutdown via pwa UI
2026-05-22 17:31:31,437 [INFO] MANIFeST OU – Produktivstart
2026-05-22 17:31:31,738 [INFO] Starte Waitress auf 0.0.0.0:5000
2026-05-22 17:31:31,740 [INFO] Serving on http://0.0.0.0:5000
2026-05-22 17:31:33,283 [INFO] Browser geöffnet: http://localhost:5000/pwa
2026-05-22 17:31:57,749 [INFO] Watchdog beendet Waitress: manual shutdown via pwa UI
2026-05-22 17:32:42,438 [INFO] MANIFeST OU – Produktivstart
2026-05-22 17:32:42,747 [INFO] Starte Waitress auf 0.0.0.0:5000
2026-05-22 17:32:42,750 [INFO] Serving on http://0.0.0.0:5000
2026-05-22 17:32:44,290 [INFO] Browser geöffnet: http://localhost:5000/pwa
2026-05-22 17:33:05,342 [INFO] Admin-Login erfolgreich: Voll-Admin
2026-05-22 17:33:49,814 [INFO] Watchdog beendet Waitress: manual shutdown via pwa UI
2026-05-22 19:45:07,321 [INFO] MANIFeST OU – Produktivstart
2026-05-22 19:45:07,632 [INFO] Starte Waitress auf 0.0.0.0:5000
2026-05-22 19:45:07,636 [INFO] Serving on http://0.0.0.0:5000
2026-05-22 19:45:09,159 [INFO] Browser geöffnet: http://localhost:5000/pwa
2026-05-22 19:45:11,158 [INFO] 19:45:11 GET /favicon.ico -> 404 (0.3 ms)
2026-05-22 21:45:50,796 [INFO] Watchdog beendet Waitress: browser disconnect beacon without reconnect
2026-05-22 23:10:26,888 [INFO] MANIFeST OU – Produktivstart
2026-05-22 23:10:27,190 [INFO] Starte Waitress auf 0.0.0.0:5000
2026-05-22 23:10:27,193 [INFO] Serving on http://0.0.0.0:5000
2026-05-22 23:10:28,731 [INFO] Browser geöffnet: http://localhost:5000/pwa
2026-05-22 23:11:06,205 [INFO] Watchdog beendet Waitress: browser disconnect beacon without reconnect
2026-05-23 07:43:40,331 [INFO] MANIFeST OU – Produktivstart
2026-05-23 07:43:40,637 [INFO] Starte Waitress auf 0.0.0.0:5000
2026-05-23 07:43:40,643 [INFO] Serving on http://0.0.0.0:5000
2026-05-23 07:43:42,175 [INFO] Browser geöffnet: http://localhost:5000/pwa
2026-05-23 07:43:43,569 [INFO] 07:43:43 GET /favicon.ico -> 404 (0.2 ms)
2026-05-23 07:44:10,656 [INFO] Watchdog beendet Waitress: manual shutdown via pwa UI
2026-05-26 21:06:27,795 [INFO] MANIFeST OU – Produktivstart
2026-05-26 21:06:28,111 [INFO] Starte Waitress auf 0.0.0.0:5000
2026-05-26 21:06:28,112 [INFO] Serving on http://0.0.0.0:5000
2026-05-26 21:06:29,641 [INFO] Browser geöffnet: http://localhost:5000/pwa
2026-05-26 21:06:42,110 [INFO] Watchdog beendet Waitress: manual shutdown via pwa UI
2026-05-26 21:07:05,047 [INFO] MANIFeST OU – Produktivstart
2026-05-26 21:07:05,361 [INFO] Starte Waitress auf 0.0.0.0:5000
2026-05-26 21:07:05,364 [INFO] Serving on http://0.0.0.0:5000
2026-05-26 21:07:06,885 [INFO] Browser geöffnet: http://localhost:5000/pwa
2026-05-26 21:08:15,653 [INFO] Admin-Login erfolgreich: Voll-Admin
2026-05-26 21:08:43,940 [WARNING] Unknown rendering option: optimize_size.
2026-05-26 21:08:44,007 [ERROR] Failed to load stylesheet at file:///static/vendor/bootstrap/5.3.3/css/bootstrap.min.css: URLError: <urlopen error [WinError 3] Das System kann den angegebenen Pfad nicht finden: '\\static\\vendor\\bootstrap\\5.3.3\\css\\bootstrap.min.css'>
2026-05-26 21:08:44,007 [ERROR] Failed to load stylesheet at file:///static/vendor/bootstrap-icons/1.11.3/font/bootstrap-icons.min.css: URLError: <urlopen error [WinError 3] Das System kann den angegebenen Pfad nicht finden: '\\static\\vendor\\bootstrap-icons\\1.11.3\\font\\bootstrap-icons.min.css'>
2026-05-26 21:08:44,008 [ERROR] Failed to load stylesheet at file:///static/pwa/css/styles.css: URLError: <urlopen error [WinError 3] Das System kann den angegebenen Pfad nicht finden: '\\static\\pwa\\css\\styles.css'>
2026-05-26 21:08:44,012 [WARNING] Ignored `min-height: 100vh` at 46:7, invalid value.
2026-05-26 21:08:44,016 [WARNING] Expected a media type, got '(max-width: 992px)'
2026-05-26 21:08:44,017 [WARNING] Invalid media type ' (max-width: 992px) ' the whole @media rule was ignored at 128:5.
2026-05-26 21:08:44,023 [WARNING] Ignored `user-select: none` at 22:6, unknown property.
2026-05-26 21:08:44,024 [WARNING] Expected a media type, got '(min-width: 992px)'
2026-05-26 21:08:44,025 [WARNING] Invalid media type ' (min-width: 992px) ' the whole @media rule was ignored at 40:4.
2026-05-26 21:08:44,027 [WARNING] Ignored `box-shadow: 0 0 0 0.2rem rgba(31, 41, 55, 0.25)` at 84:4, unknown property.
2026-05-26 21:08:44,034 [WARNING] Ignored `box-shadow: 0 2px 10px rgba(0,0,0,0.07) ` at 8:5, unknown property.
2026-05-26 21:08:44,513 [DEBUG] Reading 'maxp' table from disk
2026-05-26 21:08:44,514 [DEBUG] Decompiling 'maxp' table
2026-05-26 21:08:44,514 [DEBUG] Took 0.001s to load 'maxp'
2026-05-26 21:08:44,514 [DEBUG] Took 0.000s to prune 'maxp'
2026-05-26 21:08:44,514 [INFO] maxp pruned
2026-05-26 21:08:44,516 [INFO] LTSH dropped
2026-05-26 21:08:44,516 [INFO] VDMX dropped
2026-05-26 21:08:44,516 [INFO] hdmx dropped
2026-05-26 21:08:44,517 [DEBUG] Reading 'cmap' table from disk
2026-05-26 21:08:44,517 [DEBUG] Decompiling 'cmap' table
2026-05-26 21:08:44,517 [DEBUG] Took 0.000s to load 'cmap'
2026-05-26 21:08:44,517 [DEBUG] Took 0.000s to prune 'cmap'
2026-05-26 21:08:44,517 [INFO] cmap pruned
2026-05-26 21:08:44,517 [INFO] fpgm dropped
2026-05-26 21:08:44,517 [INFO] prep dropped
2026-05-26 21:08:44,517 [INFO] cvt  dropped
2026-05-26 21:08:44,518 [INFO] kern dropped
2026-05-26 21:08:44,518 [DEBUG] Reading 'post' table from disk
2026-05-26 21:08:44,518 [DEBUG] Decompiling 'post' table
2026-05-26 21:08:44,518 [DEBUG] Took 0.000s to load 'post'
2026-05-26 21:08:44,518 [DEBUG] Took 0.000s to prune 'post'
2026-05-26 21:08:44,518 [INFO] post pruned
2026-05-26 21:08:44,522 [INFO] GPOS dropped
2026-05-26 21:08:44,522 [INFO] GSUB dropped
2026-05-26 21:08:44,522 [DEBUG] Reading 'glyf' table from disk
2026-05-26 21:08:44,523 [DEBUG] Decompiling 'glyf' table
2026-05-26 21:08:44,523 [DEBUG] Reading 'loca' table from disk
2026-05-26 21:08:44,523 [DEBUG] Decompiling 'loca' table
2026-05-26 21:08:44,523 [DEBUG] Reading 'head' table from disk
2026-05-26 21:08:44,523 [DEBUG] Decompiling 'head' table
2026-05-26 21:08:44,526 [DEBUG] Reading 'cmap' table from disk
2026-05-26 21:08:44,526 [DEBUG] Decompiling 'cmap' table
2026-05-26 21:08:44,564 [DEBUG] Took 0.042s to load 'glyf'
2026-05-26 21:08:44,565 [DEBUG] Took 0.000s to prune 'glyf'
2026-05-26 21:08:44,565 [INFO] glyf pruned
2026-05-26 21:08:44,571 [DEBUG] Took 0.005s to close glyph list over 'cmap'
2026-05-26 21:08:44,571 [INFO] Added gid0 to subset
2026-05-26 21:08:44,571 [INFO] Closing glyph list over 'glyf': 59 glyphs before
2026-05-26 21:08:44,571 [INFO] Glyph names: ['.notdef', 'A', 'B', 'C', 'D', 'E', 'Euro', 'F', 'H', 'L', 'M', 'N', 'O', 'P', 'Q', 'R', 'S', 'U', 'Udieresis', 'V', 'Z', 'a', 'adieresis', 'b', 'c', 'colon', 'comma', 'd', 'e', 'f', 'five', 'four', 'g', 'h', 'hyphen', 'i', 'k', 'l', 'm', 'n', 'nine', 'o', 'odieresis', 'one', 'p', 'parenleft', 'parenright', 'period', 'r', 's', 'six', 'space', 't', 'u', 'udieresis', 'v', 'w', 'z', 'zero']
2026-05-26 21:08:44,572 [INFO] Glyph IDs:   [0, 3, 11, 12, 15, 16, 17, 19, 20, 23, 24, 25, 28, 29, 36, 37, 38, 39, 40, 41, 43, 47, 48, 49, 50, 51, 52, 53, 54, 56, 57, 61, 68, 69, 70, 71, 72, 73, 74, 75, 76, 78, 79, 80, 81, 82, 83, 85, 86, 87, 88, 89, 90, 93, 104, 108, 124, 129, 189]
2026-05-26 21:08:44,573 [INFO] Closed glyph list over 'glyf': 60 glyphs after
2026-05-26 21:08:44,573 [INFO] Glyph names: ['.notdef', 'A', 'B', 'C', 'D', 'E', 'Euro', 'F', 'H', 'L', 'M', 'N', 'O', 'P', 'Q', 'R', 'S', 'U', 'Udieresis', 'V', 'Z', 'a', 'adieresis', 'b', 'c', 'colon', 'comma', 'd', 'dieresis', 'e', 'f', 'five', 'four', 'g', 'h', 'hyphen', 'i', 'k', 'l', 'm', 'n', 'nine', 'o', 'odieresis', 'one', 'p', 'parenleft', 'parenright', 'period', 'r', 's', 'six', 'space', 't', 'u', 'udieresis', 'v', 'w', 'z', 'zero']
2026-05-26 21:08:44,573 [INFO] Glyph IDs:   [0, 3, 11, 12, 15, 16, 17, 19, 20, 23, 24, 25, 28, 29, 36, 37, 38, 39, 40, 41, 43, 47, 48, 49, 50, 51, 52, 53, 54, 56, 57, 61, 68, 69, 70, 71, 72, 73, 74, 75, 76, 78, 79, 80, 81, 82, 83, 85, 86, 87, 88, 89, 90, 93, 104, 108, 124, 129, 143, 189]
2026-05-26 21:08:44,573 [DEBUG] Took 0.002s to close glyph list over 'glyf'
2026-05-26 21:08:44,576 [INFO] Retaining 60 glyphs
2026-05-26 21:08:44,577 [INFO] head subsetting not needed
2026-05-26 21:08:44,577 [INFO] hhea subsetting not needed
2026-05-26 21:08:44,577 [INFO] maxp subsetting not needed
2026-05-26 21:08:44,577 [INFO] OS/2 subsetting not needed
2026-05-26 21:08:44,577 [DEBUG] Reading 'hmtx' table from disk
2026-05-26 21:08:44,578 [DEBUG] Decompiling 'hmtx' table
2026-05-26 21:08:44,578 [DEBUG] Reading 'hhea' table from disk
2026-05-26 21:08:44,578 [DEBUG] Decompiling 'hhea' table
2026-05-26 21:08:44,581 [DEBUG] Took 0.004s to subset 'hmtx'
2026-05-26 21:08:44,582 [INFO] hmtx subsetted
2026-05-26 21:08:44,583 [DEBUG] Took 0.001s to subset 'cmap'
2026-05-26 21:08:44,583 [INFO] cmap subsetted
2026-05-26 21:08:44,583 [INFO] loca subsetting not needed
2026-05-26 21:08:44,583 [DEBUG] Took 0.000s to subset 'post'
2026-05-26 21:08:44,583 [INFO] post subsetted
2026-05-26 21:08:44,584 [INFO] gasp subsetting not needed
2026-05-26 21:08:44,584 [INFO] MERG NOT subset; don't know how to subset
2026-05-26 21:08:44,584 [INFO] meta NOT subset; don't know how to subset
2026-05-26 21:08:44,584 [DEBUG] Reading 'GDEF' table from disk
2026-05-26 21:08:44,584 [DEBUG] Decompiling 'GDEF' table
2026-05-26 21:08:44,588 [DEBUG] Took 0.004s to subset 'GDEF'
2026-05-26 21:08:44,588 [INFO] GDEF subsetted
2026-05-26 21:08:44,588 [INFO] name subsetting not needed
2026-05-26 21:08:44,590 [DEBUG] Took 0.001s to subset 'glyf'
2026-05-26 21:08:44,590 [INFO] glyf subsetted
2026-05-26 21:08:44,590 [DEBUG] Took 0.000s to subset GlyphOrder
2026-05-26 21:08:44,590 [DEBUG] Took 0.000s to prune 'head'
2026-05-26 21:08:44,590 [INFO] head pruned
2026-05-26 21:08:44,591 [DEBUG] Reading 'OS/2' table from disk
2026-05-26 21:08:44,591 [DEBUG] Decompiling 'OS/2' table
2026-05-26 21:08:44,591 [INFO] OS/2 Unicode ranges pruned: [0, 1, 31, 33, 63]
2026-05-26 21:08:44,592 [INFO] OS/2 CodePage ranges pruned: [0]
2026-05-26 21:08:44,593 [DEBUG] Took 0.001s to prune 'glyf'
2026-05-26 21:08:44,593 [INFO] glyf pruned
2026-05-26 21:08:44,593 [DEBUG] Took 0.000s to prune 'GDEF'
2026-05-26 21:08:44,593 [INFO] GDEF pruned
2026-05-26 21:08:44,593 [DEBUG] Reading 'name' table from disk
2026-05-26 21:08:44,593 [DEBUG] Decompiling 'name' table
2026-05-26 21:08:44,594 [DEBUG] Reading 'gasp' table from disk
2026-05-26 21:08:44,594 [DEBUG] Decompiling 'gasp' table
2026-05-26 21:08:44,595 [DEBUG] Reading 'MERG' table from disk
2026-05-26 21:08:44,595 [DEBUG] Decompiling 'MERG' table
2026-05-26 21:08:44,595 [DEBUG] Reading 'meta' table from disk
2026-05-26 21:08:44,595 [DEBUG] Decompiling 'meta' table
2026-05-26 21:08:44,595 [DEBUG] Took 0.002s to prune 'name'
2026-05-26 21:08:44,595 [INFO] name pruned
2026-05-26 21:08:44,612 [DEBUG] Reading 'maxp' table from disk
2026-05-26 21:08:44,612 [DEBUG] Decompiling 'maxp' table
2026-05-26 21:08:44,613 [DEBUG] Took 0.000s to load 'maxp'
2026-05-26 21:08:44,613 [DEBUG] Took 0.000s to prune 'maxp'
2026-05-26 21:08:44,613 [INFO] maxp pruned
2026-05-26 21:08:44,613 [INFO] LTSH dropped
2026-05-26 21:08:44,613 [INFO] VDMX dropped
2026-05-26 21:08:44,613 [INFO] hdmx dropped
2026-05-26 21:08:44,613 [DEBUG] Reading 'cmap' table from disk
2026-05-26 21:08:44,614 [DEBUG] Decompiling 'cmap' table
2026-05-26 21:08:44,614 [DEBUG] Took 0.000s to load 'cmap'
2026-05-26 21:08:44,614 [DEBUG] Took 0.000s to prune 'cmap'
2026-05-26 21:08:44,614 [INFO] cmap pruned
2026-05-26 21:08:44,614 [INFO] fpgm dropped
2026-05-26 21:08:44,614 [INFO] prep dropped
2026-05-26 21:08:44,614 [INFO] cvt  dropped
2026-05-26 21:08:44,614 [INFO] kern dropped
2026-05-26 21:08:44,614 [DEBUG] Reading 'post' table from disk
2026-05-26 21:08:44,614 [DEBUG] Decompiling 'post' table
2026-05-26 21:08:44,615 [DEBUG] Took 0.000s to load 'post'
2026-05-26 21:08:44,615 [DEBUG] Took 0.000s to prune 'post'
2026-05-26 21:08:44,615 [INFO] post pruned
2026-05-26 21:08:44,615 [INFO] GPOS dropped
2026-05-26 21:08:44,615 [INFO] GSUB dropped
2026-05-26 21:08:44,615 [DEBUG] Reading 'glyf' table from disk
2026-05-26 21:08:44,616 [DEBUG] Decompiling 'glyf' table
2026-05-26 21:08:44,616 [DEBUG] Reading 'loca' table from disk
2026-05-26 21:08:44,616 [DEBUG] Decompiling 'loca' table
2026-05-26 21:08:44,616 [DEBUG] Reading 'head' table from disk
2026-05-26 21:08:44,616 [DEBUG] Decompiling 'head' table
2026-05-26 21:08:44,619 [DEBUG] Reading 'cmap' table from disk
2026-05-26 21:08:44,619 [DEBUG] Decompiling 'cmap' table
2026-05-26 21:08:44,641 [DEBUG] Took 0.025s to load 'glyf'
2026-05-26 21:08:44,641 [DEBUG] Took 0.000s to prune 'glyf'
2026-05-26 21:08:44,641 [INFO] glyf pruned
2026-05-26 21:08:44,647 [DEBUG] Took 0.005s to close glyph list over 'cmap'
2026-05-26 21:08:44,647 [INFO] Added gid0 to subset
2026-05-26 21:08:44,648 [INFO] Closing glyph list over 'glyf': 69 glyphs before
2026-05-26 21:08:44,648 [INFO] Glyph names: ['.notdef', 'A', 'B', 'C', 'D', 'E', 'Euro', 'F', 'G', 'I', 'K', 'L', 'M', 'N', 'O', 'R', 'S', 'T', 'U', 'Udieresis', 'V', 'Z', 'a', 'at', 'b', 'c', 'colon', 'comma', 'd', 'e', 'eight', 'endash', 'f', 'five', 'four', 'g', 'germandbls', 'h', 'hyphen', 'i', 'k', 'l', 'm', 'n', 'nine', 'numbersign', 'o', 'one', 'p', 'percent', 'period', 'periodcentered', 'plus', 'r', 's', 'seven', 'six', 'slash', 'space', 't', 'three', 'two', 'u', 'udieresis', 'v', 'w', 'y', 'z', 'zero']
2026-05-26 21:08:44,649 [INFO] Glyph IDs:   [0, 3, 6, 8, 14, 15, 16, 17, 18, 19, 20, 21, 22, 23, 24, 25, 26, 27, 28, 29, 35, 36, 37, 38, 39, 40, 41, 42, 44, 46, 47, 48, 49, 50, 53, 54, 55, 56, 57, 61, 68, 69, 70, 71, 72, 73, 74, 75, 76, 78, 79, 80, 81, 82, 83, 85, 86, 87, 88, 89, 90, 92, 93, 104, 129, 137, 178, 189, 195]
2026-05-26 21:08:44,649 [INFO] Closed glyph list over 'glyf': 70 glyphs after
2026-05-26 21:08:44,649 [INFO] Glyph names: ['.notdef', 'A', 'B', 'C', 'D', 'E', 'Euro', 'F', 'G', 'I', 'K', 'L', 'M', 'N', 'O', 'R', 'S', 'T', 'U', 'Udieresis', 'V', 'Z', 'a', 'at', 'b', 'c', 'colon', 'comma', 'd', 'dieresis', 'e', 'eight', 'endash', 'f', 'five', 'four', 'g', 'germandbls', 'h', 'hyphen', 'i', 'k', 'l', 'm', 'n', 'nine', 'numbersign', 'o', 'one', 'p', 'percent', 'period', 'periodcentered', 'plus', 'r', 's', 'seven', 'six', 'slash', 'space', 't', 'three', 'two', 'u', 'udieresis', 'v', 'w', 'y', 'z', 'zero']
2026-05-26 21:08:44,649 [INFO] Glyph IDs:   [0, 3, 6, 8, 14, 15, 16, 17, 18, 19, 20, 21, 22, 23, 24, 25, 26, 27, 28, 29, 35, 36, 37, 38, 39, 40, 41, 42, 44, 46, 47, 48, 49, 50, 53, 54, 55, 56, 57, 61, 68, 69, 70, 71, 72, 73, 74, 75, 76, 78, 79, 80, 81, 82, 83, 85, 86, 87, 88, 89, 90, 92, 93, 104, 129, 137, 143, 178, 189, 195]
2026-05-26 21:08:44,649 [DEBUG] Took 0.002s to close glyph list over 'glyf'
2026-05-26 21:08:44,653 [INFO] Retaining 70 glyphs
2026-05-26 21:08:44,653 [INFO] head subsetting not needed
2026-05-26 21:08:44,654 [INFO] hhea subsetting not needed
2026-05-26 21:08:44,654 [INFO] maxp subsetting not needed
2026-05-26 21:08:44,654 [INFO] OS/2 subsetting not needed
2026-05-26 21:08:44,654 [DEBUG] Reading 'hmtx' table from disk
2026-05-26 21:08:44,654 [DEBUG] Decompiling 'hmtx' table
2026-05-26 21:08:44,654 [DEBUG] Reading 'hhea' table from disk
2026-05-26 21:08:44,655 [DEBUG] Decompiling 'hhea' table
2026-05-26 21:08:44,659 [DEBUG] Took 0.005s to subset 'hmtx'
2026-05-26 21:08:44,659 [INFO] hmtx subsetted
2026-05-26 21:08:44,660 [DEBUG] Took 0.001s to subset 'cmap'
2026-05-26 21:08:44,660 [INFO] cmap subsetted
2026-05-26 21:08:44,660 [INFO] loca subsetting not needed
2026-05-26 21:08:44,661 [DEBUG] Took 0.000s to subset 'post'
2026-05-26 21:08:44,661 [INFO] post subsetted
2026-05-26 21:08:44,661 [INFO] gasp subsetting not needed
2026-05-26 21:08:44,661 [INFO] MERG NOT subset; don't know how to subset
2026-05-26 21:08:44,661 [INFO] meta NOT subset; don't know how to subset
2026-05-26 21:08:44,661 [DEBUG] Reading 'GDEF' table from disk
2026-05-26 21:08:44,662 [DEBUG] Decompiling 'GDEF' table
2026-05-26 21:08:44,665 [DEBUG] Took 0.004s to subset 'GDEF'
2026-05-26 21:08:44,665 [INFO] GDEF subsetted
2026-05-26 21:08:44,665 [INFO] name subsetting not needed
2026-05-26 21:08:44,667 [DEBUG] Took 0.001s to subset 'glyf'
2026-05-26 21:08:44,667 [INFO] glyf subsetted
2026-05-26 21:08:44,667 [DEBUG] Took 0.000s to subset GlyphOrder
2026-05-26 21:08:44,667 [DEBUG] Took 0.000s to prune 'head'
2026-05-26 21:08:44,667 [INFO] head pruned
2026-05-26 21:08:44,668 [DEBUG] Reading 'OS/2' table from disk
2026-05-26 21:08:44,668 [DEBUG] Decompiling 'OS/2' table
2026-05-26 21:08:44,669 [INFO] OS/2 Unicode ranges pruned: [0, 1, 31, 33]
2026-05-26 21:08:44,670 [INFO] OS/2 CodePage ranges pruned: [0]
2026-05-26 21:08:44,671 [DEBUG] Took 0.001s to prune 'glyf'
2026-05-26 21:08:44,671 [INFO] glyf pruned
2026-05-26 21:08:44,671 [DEBUG] Took 0.000s to prune 'GDEF'
2026-05-26 21:08:44,671 [INFO] GDEF pruned
2026-05-26 21:08:44,671 [DEBUG] Reading 'name' table from disk
2026-05-26 21:08:44,672 [DEBUG] Decompiling 'name' table
2026-05-26 21:08:44,672 [DEBUG] Reading 'gasp' table from disk
2026-05-26 21:08:44,672 [DEBUG] Decompiling 'gasp' table
2026-05-26 21:08:44,672 [DEBUG] Reading 'MERG' table from disk
2026-05-26 21:08:44,673 [DEBUG] Decompiling 'MERG' table
2026-05-26 21:08:44,673 [DEBUG] Reading 'meta' table from disk
2026-05-26 21:08:44,673 [DEBUG] Decompiling 'meta' table
2026-05-26 21:08:44,673 [DEBUG] Took 0.002s to prune 'name'
2026-05-26 21:08:44,673 [INFO] name pruned
2026-05-26 21:08:44,692 [DEBUG] Reading 'maxp' table from disk
2026-05-26 21:08:44,692 [DEBUG] Decompiling 'maxp' table
2026-05-26 21:08:44,692 [DEBUG] Took 0.000s to load 'maxp'
2026-05-26 21:08:44,692 [DEBUG] Took 0.000s to prune 'maxp'
2026-05-26 21:08:44,693 [INFO] maxp pruned
2026-05-26 21:08:44,693 [INFO] LTSH dropped
2026-05-26 21:08:44,693 [INFO] VDMX dropped
2026-05-26 21:08:44,693 [INFO] hdmx dropped
2026-05-26 21:08:44,693 [DEBUG] Reading 'cmap' table from disk
2026-05-26 21:08:44,693 [DEBUG] Decompiling 'cmap' table
2026-05-26 21:08:44,693 [DEBUG] Took 0.000s to load 'cmap'
2026-05-26 21:08:44,693 [DEBUG] Took 0.000s to prune 'cmap'
2026-05-26 21:08:44,693 [INFO] cmap pruned
2026-05-26 21:08:44,694 [INFO] fpgm dropped
2026-05-26 21:08:44,694 [INFO] prep dropped
2026-05-26 21:08:44,694 [INFO] cvt  dropped
2026-05-26 21:08:44,694 [INFO] kern dropped
2026-05-26 21:08:44,694 [DEBUG] Reading 'post' table from disk
2026-05-26 21:08:44,694 [DEBUG] Decompiling 'post' table
2026-05-26 21:08:44,694 [DEBUG] Took 0.000s to load 'post'
2026-05-26 21:08:44,694 [DEBUG] Took 0.000s to prune 'post'
2026-05-26 21:08:44,694 [INFO] post pruned
2026-05-26 21:08:44,695 [INFO] GPOS dropped
2026-05-26 21:08:44,695 [INFO] GSUB dropped
2026-05-26 21:08:44,695 [DEBUG] Reading 'glyf' table from disk
2026-05-26 21:08:44,695 [DEBUG] Decompiling 'glyf' table
2026-05-26 21:08:44,695 [DEBUG] Reading 'loca' table from disk
2026-05-26 21:08:44,695 [DEBUG] Decompiling 'loca' table
2026-05-26 21:08:44,695 [DEBUG] Reading 'head' table from disk
2026-05-26 21:08:44,695 [DEBUG] Decompiling 'head' table
2026-05-26 21:08:44,697 [DEBUG] Reading 'cmap' table from disk
2026-05-26 21:08:44,698 [DEBUG] Decompiling 'cmap' table
2026-05-26 21:08:44,717 [DEBUG] Took 0.022s to load 'glyf'
2026-05-26 21:08:44,718 [DEBUG] Took 0.000s to prune 'glyf'
2026-05-26 21:08:44,718 [INFO] glyf pruned
2026-05-26 21:08:44,722 [DEBUG] Took 0.004s to close glyph list over 'cmap'
2026-05-26 21:08:44,722 [INFO] Added gid0 to subset
2026-05-26 21:08:44,722 [INFO] Closing glyph list over 'glyf': 32 glyphs before
2026-05-26 21:08:44,723 [INFO] Glyph names: ['.notdef', 'D', 'N', 'O', 'R', 'S', 'U', 'a', 'b', 'c', 'e', 'five', 'four', 'g', 'h', 'hyphen', 'i', 'l', 'm', 'n', 'o', 'p', 'period', 'r', 's', 'six', 'space', 'three', 'two', 'u', 'v', 'zero']
2026-05-26 21:08:44,724 [INFO] Glyph IDs:   [0, 3, 16, 17, 19, 21, 22, 23, 24, 25, 39, 49, 50, 53, 54, 56, 68, 69, 70, 72, 74, 75, 76, 79, 80, 81, 82, 83, 85, 86, 88, 89]
2026-05-26 21:08:44,724 [INFO] Closed glyph list over 'glyf': 32 glyphs after
2026-05-26 21:08:44,724 [INFO] Glyph names: ['.notdef', 'D', 'N', 'O', 'R', 'S', 'U', 'a', 'b', 'c', 'e', 'five', 'four', 'g', 'h', 'hyphen', 'i', 'l', 'm', 'n', 'o', 'p', 'period', 'r', 's', 'six', 'space', 'three', 'two', 'u', 'v', 'zero']
2026-05-26 21:08:44,724 [INFO] Glyph IDs:   [0, 3, 16, 17, 19, 21, 22, 23, 24, 25, 39, 49, 50, 53, 54, 56, 68, 69, 70, 72, 74, 75, 76, 79, 80, 81, 82, 83, 85, 86, 88, 89]
2026-05-26 21:08:44,724 [DEBUG] Took 0.002s to close glyph list over 'glyf'
2026-05-26 21:08:44,727 [INFO] Retaining 32 glyphs
2026-05-26 21:08:44,728 [INFO] head subsetting not needed
2026-05-26 21:08:44,728 [INFO] hhea subsetting not needed
2026-05-26 21:08:44,728 [INFO] maxp subsetting not needed
2026-05-26 21:08:44,728 [INFO] OS/2 subsetting not needed
2026-05-26 21:08:44,728 [DEBUG] Reading 'hmtx' table from disk
2026-05-26 21:08:44,729 [DEBUG] Decompiling 'hmtx' table
2026-05-26 21:08:44,729 [DEBUG] Reading 'hhea' table from disk
2026-05-26 21:08:44,729 [DEBUG] Decompiling 'hhea' table
2026-05-26 21:08:44,732 [DEBUG] Took 0.004s to subset 'hmtx'
2026-05-26 21:08:44,732 [INFO] hmtx subsetted
2026-05-26 21:08:44,733 [DEBUG] Took 0.001s to subset 'cmap'
2026-05-26 21:08:44,734 [INFO] cmap subsetted
2026-05-26 21:08:44,734 [INFO] loca subsetting not needed
2026-05-26 21:08:44,734 [DEBUG] Took 0.000s to subset 'post'
2026-05-26 21:08:44,734 [INFO] post subsetted
2026-05-26 21:08:44,734 [INFO] gasp subsetting not needed
2026-05-26 21:08:44,734 [INFO] MERG NOT subset; don't know how to subset
2026-05-26 21:08:44,735 [INFO] meta NOT subset; don't know how to subset
2026-05-26 21:08:44,735 [DEBUG] Reading 'GDEF' table from disk
2026-05-26 21:08:44,735 [DEBUG] Decompiling 'GDEF' table
2026-05-26 21:08:44,738 [DEBUG] Took 0.003s to subset 'GDEF'
2026-05-26 21:08:44,738 [INFO] GDEF subsetted
2026-05-26 21:08:44,738 [INFO] name subsetting not needed
2026-05-26 21:08:44,740 [DEBUG] Took 0.001s to subset 'glyf'
2026-05-26 21:08:44,740 [INFO] glyf subsetted
2026-05-26 21:08:44,740 [DEBUG] Took 0.000s to subset GlyphOrder
2026-05-26 21:08:44,740 [DEBUG] Took 0.000s to prune 'head'
2026-05-26 21:08:44,740 [INFO] head pruned
2026-05-26 21:08:44,740 [DEBUG] Reading 'OS/2' table from disk
2026-05-26 21:08:44,741 [DEBUG] Decompiling 'OS/2' table
2026-05-26 21:08:44,741 [INFO] OS/2 Unicode ranges pruned: [0, 31]
2026-05-26 21:08:44,741 [INFO] OS/2 CodePage ranges pruned: [0]
2026-05-26 21:08:44,743 [DEBUG] Took 0.002s to prune 'glyf'
2026-05-26 21:08:44,743 [INFO] glyf pruned
2026-05-26 21:08:44,743 [DEBUG] Took 0.000s to prune 'GDEF'
2026-05-26 21:08:44,743 [INFO] GDEF pruned
2026-05-26 21:08:44,744 [DEBUG] Reading 'name' table from disk
2026-05-26 21:08:44,744 [DEBUG] Decompiling 'name' table
2026-05-26 21:08:44,744 [DEBUG] Reading 'gasp' table from disk
2026-05-26 21:08:44,744 [DEBUG] Decompiling 'gasp' table
2026-05-26 21:08:44,744 [DEBUG] Reading 'MERG' table from disk
2026-05-26 21:08:44,745 [DEBUG] Decompiling 'MERG' table
2026-05-26 21:08:44,745 [DEBUG] Reading 'meta' table from disk
2026-05-26 21:08:44,745 [DEBUG] Decompiling 'meta' table
2026-05-26 21:08:44,745 [DEBUG] Took 0.001s to prune 'name'
2026-05-26 21:08:44,745 [INFO] name pruned
2026-05-26 22:11:33,352 [INFO] Watchdog beendet Waitress: manual shutdown via pwa UI
2026-05-26 22:17:16,360 [INFO] MANIFeST OU – Produktivstart
2026-05-26 22:17:16,658 [INFO] Starte Waitress auf 0.0.0.0:5000
2026-05-26 22:17:16,662 [INFO] Serving on http://0.0.0.0:5000
2026-05-26 22:17:18,189 [INFO] Browser geöffnet: http://localhost:5000/pwa
2026-05-26 22:22:18,773 [INFO] 22:22:18 POST /email/send -> 302 (43412.6 ms)
2026-05-27 00:01:53,254 [WARNING] Task queue depth is 1
2026-05-27 00:01:55,156 [WARNING] Task queue depth is 1
2026-05-27 00:02:42,129 [WARNING] Task queue depth is 1
2026-05-27 00:02:42,133 [WARNING] Task queue depth is 1
2026-05-27 00:04:51,005 [INFO] Watchdog beendet Waitress: browser disconnect beacon without reconnect
2026-06-03 17:00:55,290 [INFO] MANIFeST OU – Produktivstart
2026-06-03 17:00:55,593 [INFO] Starte Waitress auf 0.0.0.0:5000
2026-06-03 17:00:55,597 [INFO] Serving on http://0.0.0.0:5000
2026-06-03 17:00:57,132 [INFO] Browser geöffnet: http://localhost:5000/pwa
2026-06-03 17:01:47,614 [INFO] Watchdog beendet Waitress: manual shutdown via pwa UI
2026-06-03 17:04:15,433 [INFO] MANIFeST OU – Produktivstart
2026-06-03 17:04:15,750 [INFO] Starte Waitress auf 0.0.0.0:5000
2026-06-03 17:04:15,752 [INFO] Serving on http://0.0.0.0:5000
2026-06-03 17:04:17,277 [INFO] Browser geöffnet: http://localhost:5000/pwa
2026-06-03 17:08:02,501 [INFO] MANIFeST OU – Produktivstart
2026-06-03 17:08:02,802 [INFO] Starte Waitress auf 0.0.0.0:5000
2026-06-03 17:08:02,805 [INFO] Serving on http://0.0.0.0:5000
2026-06-03 17:08:04,346 [INFO] Browser geöffnet: http://localhost:5000/pwa
2026-06-03 17:09:44,845 [INFO] Watchdog beendet Waitress: manual shutdown via pwa UI
2026-06-06 11:07:21,846 [INFO] MANIFeST OU – Produktivstart
2026-06-06 11:07:22,140 [INFO] Starte Waitress auf 0.0.0.0:5000
2026-06-06 11:07:22,143 [INFO] Serving on http://0.0.0.0:5000
2026-06-06 11:07:23,682 [INFO] Browser geöffnet: http://localhost:5000/pwa
